fecha,pais,id_campaña,canal,gasto
01/01/2025,Mexico,organic_Mexico,organic,2446.25
01/01/2025,Mexico,paid_search_Mexico,paid_search,2704.34
01/01/2025,Mexico,social_Mexico,social,2045.01
01/01/2025,Colombia,organic_Colombia,organic,2597.21
01/01/2025,Colombia,paid_search_Colombia,paid_search,1771.4
01/01/2025,Colombia,social_Colombia,social,833.38
01/01/2025,Argentina,organic_Argentina,organic,1365.62
01/01/2025,Argentina,paid_search_Argentina,paid_search,1282.65
01/01/2025,Argentina,social_Argentina,social,1534.69
02/01/2025,Mexico,organic_Mexico,organic,2537.38
02/01/2025,Mexico,paid_search_Mexico,paid_search,1689.07
02/01/2025,Mexico,social_Mexico,social,2413.74
02/01/2025,Colombia,organic_Colombia,organic,1020.04
02/01/2025,Colombia,paid_search_Colombia,paid_search,1573.18
02/01/2025,Colombia,social_Colombia,social,726.68
02/01/2025,Argentina,organic_Argentina,organic,2295.15
02/01/2025,Argentina,paid_search_Argentina,paid_search,2114.02
02/01/2025,Argentina,social_Argentina,social,1020.97
03/01/2025,Mexico,organic_Mexico,organic,607.52
03/01/2025,Mexico,paid_search_Mexico,paid_search,690.46
03/01/2025,Mexico,social_Mexico,social,2875.31
03/01/2025,Colombia,organic_Colombia,organic,695.69
03/01/2025,Colombia,paid_search_Colombia,paid_search,603.17
03/01/2025,Colombia,social_Colombia,social,1055.99
03/01/2025,Argentina,organic_Argentina,organic,2303.86
03/01/2025,Argentina,paid_search_Argentina,paid_search,682.52
03/01/2025,Argentina,social_Argentina,social,1483.57
04/01/2025,Mexico,organic_Mexico,organic,1451.23
04/01/2025,Mexico,paid_search_Mexico,paid_search,2001.64
04/01/2025,Mexico,social_Mexico,social,1504.53
04/01/2025,Colombia,organic_Colombia,organic,1743.33
04/01/2025,Colombia,paid_search_Colombia,paid_search,2167.46
04/01/2025,Colombia,social_Colombia,social,2524.27
04/01/2025,Argentina,organic_Argentina,organic,1056.76
04/01/2025,Argentina,paid_search_Argentina,paid_search,1025.27
04/01/2025,Argentina,social_Argentina,social,964.01
05/01/2025,Mexico,organic_Mexico,organic,551.18
05/01/2025,Mexico,paid_search_Mexico,paid_search,1023.54
05/01/2025,Mexico,social_Mexico,social,2337.62
05/01/2025,Colombia,organic_Colombia,organic,2082.49
05/01/2025,Colombia,paid_search_Colombia,paid_search,2519.19
05/01/2025,Colombia,social_Colombia,social,1297.61
05/01/2025,Argentina,organic_Argentina,organic,2733.78
05/01/2025,Argentina,paid_search_Argentina,paid_search,727.99
05/01/2025,Argentina,social_Argentina,social,765.51
06/01/2025,Mexico,organic_Mexico,organic,1258.58
06/01/2025,Mexico,paid_search_Mexico,paid_search,2832.68
06/01/2025,Mexico,social_Mexico,social,2255.35
06/01/2025,Colombia,organic_Colombia,organic,1963.21
06/01/2025,Colombia,paid_search_Colombia,paid_search,2722.75
06/01/2025,Colombia,social_Colombia,social,2865.75
06/01/2025,Argentina,organic_Argentina,organic,2356.84
06/01/2025,Argentina,paid_search_Argentina,paid_search,1572.76
06/01/2025,Argentina,social_Argentina,social,532.18
07/01/2025,Mexico,organic_Mexico,organic,2515.54
07/01/2025,Mexico,paid_search_Mexico,paid_search,1133.93
07/01/2025,Mexico,social_Mexico,social,1994.01
07/01/2025,Colombia,organic_Colombia,organic,1869.52
07/01/2025,Colombia,paid_search_Colombia,paid_search,1959.43
07/01/2025,Colombia,social_Colombia,social,2239.17
07/01/2025,Argentina,organic_Argentina,organic,1682.92
07/01/2025,Argentina,paid_search_Argentina,paid_search,2181.47
07/01/2025,Argentina,social_Argentina,social,1265.21
08/01/2025,Mexico,organic_Mexico,organic,2879.73
08/01/2025,Mexico,paid_search_Mexico,paid_search,1003.16
08/01/2025,Mexico,social_Mexico,social,1147.28
08/01/2025,Colombia,organic_Colombia,organic,2297.81
08/01/2025,Colombia,paid_search_Colombia,paid_search,1949.01
08/01/2025,Colombia,social_Colombia,social,2038.05
08/01/2025,Argentina,organic_Argentina,organic,1725.48
08/01/2025,Argentina,paid_search_Argentina,paid_search,2558.56
08/01/2025,Argentina,social_Argentina,social,2136.17
09/01/2025,Mexico,organic_Mexico,organic,2649.2
09/01/2025,Mexico,paid_search_Mexico,paid_search,1993.03
09/01/2025,Mexico,social_Mexico,social,2144.51
09/01/2025,Colombia,organic_Colombia,organic,1560.15
09/01/2025,Colombia,paid_search_Colombia,paid_search,1114.57
09/01/2025,Colombia,social_Colombia,social,935.34
09/01/2025,Argentina,organic_Argentina,organic,2418.51
09/01/2025,Argentina,paid_search_Argentina,paid_search,2456.48
09/01/2025,Argentina,social_Argentina,social,1398.62
10/01/2025,Mexico,organic_Mexico,organic,2468.1
10/01/2025,Mexico,paid_search_Mexico,paid_search,2625.72
10/01/2025,Mexico,social_Mexico,social,2722.09
10/01/2025,Colombia,organic_Colombia,organic,1891.16
10/01/2025,Colombia,paid_search_Colombia,paid_search,2563.75
10/01/2025,Colombia,social_Colombia,social,2625.36
10/01/2025,Argentina,organic_Argentina,organic,2169.85
10/01/2025,Argentina,paid_search_Argentina,paid_search,2767.74
10/01/2025,Argentina,social_Argentina,social,799.02
11/01/2025,Mexico,organic_Mexico,organic,2383.14
11/01/2025,Mexico,paid_search_Mexico,paid_search,2096.82
11/01/2025,Mexico,social_Mexico,social,2459.36
11/01/2025,Colombia,organic_Colombia,organic,683.97
11/01/2025,Colombia,paid_search_Colombia,paid_search,1555.56
11/01/2025,Colombia,social_Colombia,social,2210.19
11/01/2025,Argentina,organic_Argentina,organic,1321.93
11/01/2025,Argentina,paid_search_Argentina,paid_search,1734.96
11/01/2025,Argentina,social_Argentina,,849.7
12/01/2025,Mexico,organic_Mexico,,2033.56
12/01/2025,Mexico,paid_search_Mexico,,1260.65
12/01/2025,Mexico,social_Mexico,,1660.9
12/01/2025,Colombia,organic_Colombia,,1819.27
12/01/2025,Colombia,paid_search_Colombia,,1583.33
12/01/2025,Colombia,social_Colombia,,712.64
12/01/2025,Argentina,organic_Argentina,,1860.4
12/01/2025,Argentina,paid_search_Argentina,,885.06
12/01/2025,Argentina,social_Argentina,,2253.77
13/01/2025,Mexico,organic_Mexico,,2830.76
13/01/2025,Mexico,paid_search_Mexico,,2797.38
13/01/2025,Mexico,social_Mexico,,1701.42
13/01/2025,Colombia,organic_Colombia,,1883.89
13/01/2025,Colombia,paid_search_Colombia,,1151.34
13/01/2025,Colombia,social_Colombia,,2261.13
13/01/2025,Argentina,organic_Argentina,,833.13
13/01/2025,Argentina,paid_search_Argentina,,2961.96
13/01/2025,Argentina,social_Argentina,,2797.14
14/01/2025,Mexico,organic_Mexico,,2201.4
14/01/2025,Mexico,paid_search_Mexico,,2892.28
14/01/2025,Mexico,social_Mexico,,608.76
14/01/2025,Colombia,organic_Colombia,,505.28
14/01/2025,Colombia,paid_search_Colombia,,963.54
14/01/2025,Colombia,social_Colombia,,2847.73
14/01/2025,Argentina,organic_Argentina,,1095.33
14/01/2025,Argentina,paid_search_Argentina,,2189.47
14/01/2025,Argentina,social_Argentina,,2631.69
15/01/2025,Mexico,organic_Mexico,,1167.14
15/01/2025,Mexico,paid_search_Mexico,,2823.15
15/01/2025,Mexico,social_Mexico,,1084.78
15/01/2025,Colombia,organic_Colombia,,667.39
15/01/2025,Colombia,paid_search_Colombia,,1128.85
15/01/2025,Colombia,social_Colombia,,1679.7
15/01/2025,Argentina,organic_Argentina,,747.9
15/01/2025,Argentina,paid_search_Argentina,,1540.62
15/01/2025,Argentina,social_Argentina,,1384.05
16/01/2025,Mexico,organic_Mexico,,2585.86
16/01/2025,Mexico,paid_search_Mexico,,1456.54
16/01/2025,Mexico,social_Mexico,,1240.29
16/01/2025,Colombia,organic_Colombia,,675.53
16/01/2025,Colombia,paid_search_Colombia,,2648.43
16/01/2025,Colombia,social_Colombia,,2774.72
16/01/2025,Argentina,organic_Argentina,,1877.06
16/01/2025,Argentina,paid_search_Argentina,,1547.25
16/01/2025,Argentina,social_Argentina,,1516.37
17/01/2025,Mexico,organic_Mexico,,2051.66
17/01/2025,Mexico,paid_search_Mexico,,2085.11
17/01/2025,Mexico,social_Mexico,,538.06
17/01/2025,Colombia,organic_Colombia,,1865.64
17/01/2025,Colombia,paid_search_Colombia,,1563.39
17/01/2025,Colombia,social_Colombia,,1676.54
17/01/2025,Argentina,organic_Argentina,,1288.03
17/01/2025,Argentina,paid_search_Argentina,,2395.4
17/01/2025,Argentina,social_Argentina,,2998.3
18/01/2025,Mexico,organic_Mexico,,2406.04
18/01/2025,Mexico,paid_search_Mexico,,1528.64
18/01/2025,Mexico,social_Mexico,,573.56
18/01/2025,Colombia,organic_Colombia,,2465.84
18/01/2025,Colombia,paid_search_Colombia,,516.71
18/01/2025,Colombia,social_Colombia,,2177.01
18/01/2025,Argentina,organic_Argentina,,2078.19
18/01/2025,Argentina,paid_search_Argentina,,1847.66
18/01/2025,Argentina,social_Argentina,,1781.79
19/01/2025,Mexico,organic_Mexico,,1694.42
19/01/2025,Mexico,paid_search_Mexico,,1673.86
19/01/2025,Mexico,social_Mexico,,1019.59
19/01/2025,Colombia,organic_Colombia,,1997.42
19/01/2025,Colombia,paid_search_Colombia,,2775.67
19/01/2025,Colombia,social_Colombia,,524.35
19/01/2025,Argentina,organic_Argentina,,2955.37
19/01/2025,Argentina,paid_search_Argentina,,808.1
19/01/2025,Argentina,social_Argentina,,2916.82
20/01/2025,Mexico,organic_Mexico,,547.62
20/01/2025,Mexico,paid_search_Mexico,,1829.4
20/01/2025,Mexico,social_Mexico,,1623.59
20/01/2025,Colombia,organic_Colombia,,2560.31
20/01/2025,Colombia,paid_search_Colombia,,2147.63
20/01/2025,Colombia,social_Colombia,,1741.74
20/01/2025,Argentina,organic_Argentina,,1400.26
20/01/2025,Argentina,paid_search_Argentina,,1460.45
20/01/2025,Argentina,social_Argentina,,1624.49
21/01/2025,Mexico,organic_Mexico,,2317.14
21/01/2025,Mexico,paid_search_Mexico,,1879.56
21/01/2025,Mexico,social_Mexico,,2676.76
21/01/2025,Colombia,organic_Colombia,,824.07
21/01/2025,Colombia,paid_search_Colombia,,1245.46
21/01/2025,Colombia,social_Colombia,,1819.7
21/01/2025,Argentina,organic_Argentina,,807.86
21/01/2025,Argentina,paid_search_Argentina,,2913.81
21/01/2025,Argentina,social_Argentina,,1474.39
22/01/2025,Mexico,organic_Mexico,,2244.54
22/01/2025,Mexico,paid_search_Mexico,,2421.21
22/01/2025,Mexico,social_Mexico,,2286.56
22/01/2025,Colombia,organic_Colombia,,2289.19
22/01/2025,Colombia,paid_search_Colombia,,1719.74
22/01/2025,Colombia,social_Colombia,,772.46
22/01/2025,Argentina,organic_Argentina,,1562.61
22/01/2025,Argentina,paid_search_Argentina,,644.34
22/01/2025,Argentina,social_Argentina,,2544.66
23/01/2025,Mexico,organic_Mexico,,2977.84
23/01/2025,Mexico,paid_search_Mexico,paid_search,2763.14
23/01/2025,Mexico,social_Mexico,social,2787.05
23/01/2025,Colombia,organic_Colombia,organic,2438.53
23/01/2025,Colombia,paid_search_Colombia,paid_search,2834.32
23/01/2025,Colombia,social_Colombia,social,1741.55
23/01/2025,Argentina,organic_Argentina,organic,1318.27
23/01/2025,Argentina,paid_search_Argentina,paid_search,2025.48
23/01/2025,Argentina,social_Argentina,social,2264.63
24/01/2025,Mexico,organic_Mexico,organic,1072.29
24/01/2025,Mexico,paid_search_Mexico,paid_search,1903.1
24/01/2025,Mexico,social_Mexico,social,1866.07
24/01/2025,Colombia,organic_Colombia,organic,1017.68
24/01/2025,Colombia,paid_search_Colombia,paid_search,2690.33
24/01/2025,Colombia,social_Colombia,social,979.16
24/01/2025,Argentina,organic_Argentina,organic,2844.43
24/01/2025,Argentina,paid_search_Argentina,paid_search,723.81
24/01/2025,Argentina,social_Argentina,social,840.07
25/01/2025,Mexico,organic_Mexico,organic,635.56
25/01/2025,Mexico,paid_search_Mexico,paid_search,723.6
25/01/2025,Mexico,social_Mexico,social,2488.53
25/01/2025,Colombia,organic_Colombia,organic,2182.07
25/01/2025,Colombia,paid_search_Colombia,paid_search,1469.03
25/01/2025,Colombia,social_Colombia,social,2561.18
25/01/2025,Argentina,organic_Argentina,organic,706.53
25/01/2025,Argentina,paid_search_Argentina,paid_search,1341.83
25/01/2025,Argentina,social_Argentina,social,1963.42
26/01/2025,Mexico,organic_Mexico,organic,1961.97
26/01/2025,Mexico,paid_search_Mexico,paid_search,2910.94
26/01/2025,Mexico,social_Mexico,social,677.09
26/01/2025,Colombia,organic_Colombia,organic,2648.86
26/01/2025,Colombia,paid_search_Colombia,paid_search,1384.99
26/01/2025,Colombia,social_Colombia,social,1546.59
26/01/2025,Argentina,organic_Argentina,organic,790.43
26/01/2025,Argentina,paid_search_Argentina,paid_search,714.67
26/01/2025,Argentina,social_Argentina,social,1917.29
27/01/2025,Mexico,organic_Mexico,organic,2383.62
27/01/2025,Mexico,paid_search_Mexico,paid_search,1658.58
27/01/2025,Mexico,social_Mexico,social,2188.09
27/01/2025,Colombia,organic_Colombia,organic,2796.75
27/01/2025,Colombia,paid_search_Colombia,paid_search,1670.47
27/01/2025,Colombia,social_Colombia,social,2609.79
27/01/2025,Argentina,organic_Argentina,organic,2638.37
27/01/2025,Argentina,paid_search_Argentina,paid_search,1057.81
27/01/2025,Argentina,social_Argentina,social,1314.09
28/01/2025,Mexico,organic_Mexico,organic,1632.92
28/01/2025,Mexico,paid_search_Mexico,paid_search,2647.79
28/01/2025,Mexico,social_Mexico,social,1866.41
28/01/2025,Colombia,organic_Colombia,organic,2267.3
28/01/2025,Colombia,paid_search_Colombia,paid_search,1815.67
28/01/2025,Colombia,social_Colombia,social,2860.02
28/01/2025,Argentina,organic_Argentina,organic,2076.26
28/01/2025,Argentina,paid_search_Argentina,paid_search,2752.23
28/01/2025,Argentina,social_Argentina,social,2401.3
29/01/2025,Mexico,organic_Mexico,organic,1725.01
29/01/2025,Mexico,paid_search_Mexico,paid_search,691.54
29/01/2025,Mexico,social_Mexico,social,2005.1
29/01/2025,Colombia,organic_Colombia,organic,631.74
29/01/2025,Colombia,paid_search_Colombia,paid_search,2133.11
29/01/2025,Colombia,social_Colombia,social,1980.84
29/01/2025,Argentina,organic_Argentina,organic,653.88
29/01/2025,Argentina,paid_search_Argentina,paid_search,2534.82
29/01/2025,Argentina,social_Argentina,social,1400.08
30/01/2025,Mexico,organic_Mexico,organic,1765.35
30/01/2025,Mexico,paid_search_Mexico,paid_search,1074.75
30/01/2025,Mexico,social_Mexico,social,2735.72
30/01/2025,Colombia,organic_Colombia,organic,1448.99
30/01/2025,Colombia,paid_search_Colombia,paid_search,2969.52
30/01/2025,Colombia,social_Colombia,social,639.94
30/01/2025,Argentina,organic_Argentina,organic,2800.95
30/01/2025,Argentina,paid_search_Argentina,paid_search,1586.83
30/01/2025,Argentina,social_Argentina,social,952.75
31/01/2025,Mexico,organic_Mexico,organic,2058.61
31/01/2025,Mexico,paid_search_Mexico,paid_search,2068.31
31/01/2025,Mexico,social_Mexico,social,2023.55
31/01/2025,Colombia,organic_Colombia,organic,2477.19
31/01/2025,Colombia,paid_search_Colombia,paid_search,2596.02
31/01/2025,Colombia,social_Colombia,social,549.75
31/01/2025,Argentina,organic_Argentina,organic,1154.39
31/01/2025,Argentina,paid_search_Argentina,paid_search,2531.97
31/01/2025,Argentina,social_Argentina,social,2312.87
01/02/2025,Mexico,organic_Mexico,organic,2969.66
01/02/2025,Mexico,paid_search_Mexico,paid_search,928.49
01/02/2025,Mexico,social_Mexico,social,1511.83
01/02/2025,Colombia,organic_Colombia,organic,1829.3
01/02/2025,Colombia,paid_search_Colombia,paid_search,1079.44
01/02/2025,Colombia,social_Colombia,social,2318.11
01/02/2025,Argentina,organic_Argentina,organic,1400.74
01/02/2025,Argentina,paid_search_Argentina,paid_search,756.3
01/02/2025,Argentina,social_Argentina,social,1098.72
02/02/2025,Mexico,organic_Mexico,organic,1684.6
02/02/2025,Mexico,paid_search_Mexico,paid_search,1879.2
02/02/2025,Mexico,social_Mexico,social,776.24
02/02/2025,Colombia,organic_Colombia,organic,1068.9
02/02/2025,Colombia,paid_search_Colombia,paid_search,1451.38
02/02/2025,Colombia,social_Colombia,social,2918.29
02/02/2025,Argentina,organic_Argentina,organic,589.29
02/02/2025,Argentina,paid_search_Argentina,paid_search,1993.48
02/02/2025,Argentina,social_Argentina,social,2023.65
03/02/2025,Mexico,organic_Mexico,organic,1817.79
03/02/2025,Mexico,paid_search_Mexico,paid_search,2717.61
03/02/2025,Mexico,social_Mexico,social,1180.55
03/02/2025,Colombia,organic_Colombia,organic,980.11
03/02/2025,Colombia,paid_search_Colombia,paid_search,2296.49
03/02/2025,Colombia,social_Colombia,social,1075.63
03/02/2025,Argentina,organic_Argentina,organic,2303.33
03/02/2025,Argentina,paid_search_Argentina,paid_search,2738.63
03/02/2025,Argentina,social_Argentina,social,2289.75
04/02/2025,Mexico,organic_Mexico,organic,2910.33
04/02/2025,Mexico,paid_search_Mexico,paid_search,2316.15
04/02/2025,Mexico,social_Mexico,social,2799.33
04/02/2025,Colombia,organic_Colombia,organic,624.1
04/02/2025,Colombia,paid_search_Colombia,paid_search,2179.55
04/02/2025,Colombia,social_Colombia,social,2062.64
04/02/2025,Argentina,organic_Argentina,organic,541.15
04/02/2025,Argentina,paid_search_Argentina,paid_search,1460.28
04/02/2025,Argentina,social_Argentina,social,2079.35
05/02/2025,Mexico,organic_Mexico,organic,1174.93
05/02/2025,Mexico,paid_search_Mexico,paid_search,1361.32
05/02/2025,Mexico,social_Mexico,social,1783.67
05/02/2025,Colombia,organic_Colombia,organic,1535.18
05/02/2025,Colombia,paid_search_Colombia,paid_search,1889.29
05/02/2025,Colombia,social_Colombia,social,1873.36
05/02/2025,Argentina,organic_Argentina,organic,512.58
05/02/2025,Argentina,paid_search_Argentina,paid_search,873.01
05/02/2025,Argentina,social_Argentina,social,2013.74
06/02/2025,Mexico,organic_Mexico,organic,2981.65
06/02/2025,Mexico,paid_search_Mexico,paid_search,1668.75
06/02/2025,Mexico,social_Mexico,social,2857.64
06/02/2025,Colombia,organic_Colombia,organic,2523.37
06/02/2025,Colombia,paid_search_Colombia,paid_search,2117.79
06/02/2025,Colombia,social_Colombia,social,1320.64
06/02/2025,Argentina,organic_Argentina,organic,1071.84
06/02/2025,Argentina,paid_search_Argentina,paid_search,1877.89
06/02/2025,Argentina,social_Argentina,social,1893.3
07/02/2025,Mexico,organic_Mexico,organic,814.8
07/02/2025,Mexico,paid_search_Mexico,paid_search,1352.89
07/02/2025,Mexico,social_Mexico,social,2624.95
07/02/2025,Colombia,organic_Colombia,organic,580.64
07/02/2025,Colombia,paid_search_Colombia,paid_search,743.45
07/02/2025,Colombia,social_Colombia,social,1398.64
07/02/2025,Argentina,organic_Argentina,organic,2816.37
07/02/2025,Argentina,paid_search_Argentina,paid_search,1172.4
07/02/2025,Argentina,social_Argentina,social,662.43
08/02/2025,Mexico,organic_Mexico,organic,2607.08
08/02/2025,Mexico,paid_search_Mexico,paid_search,2913.29
08/02/2025,Mexico,social_Mexico,social,1913.79
08/02/2025,Colombia,organic_Colombia,organic,2144.04
08/02/2025,Colombia,paid_search_Colombia,paid_search,2450.33
08/02/2025,Colombia,social_Colombia,social,1692.63
08/02/2025,Argentina,organic_Argentina,organic,547.93
08/02/2025,Argentina,paid_search_Argentina,paid_search,834.31
08/02/2025,Argentina,social_Argentina,social,1935.15
09/02/2025,Mexico,organic_Mexico,organic,2516.05
09/02/2025,Mexico,paid_search_Mexico,paid_search,902.47
09/02/2025,Mexico,social_Mexico,social,2634.84
09/02/2025,Colombia,organic_Colombia,organic,2640.56
09/02/2025,Colombia,paid_search_Colombia,paid_search,2410.17
09/02/2025,Colombia,social_Colombia,social,1907.35
09/02/2025,Argentina,organic_Argentina,organic,2230.2
09/02/2025,Argentina,paid_search_Argentina,paid_search,2673.5
09/02/2025,Argentina,social_Argentina,social,2184.79
10/02/2025,Mexico,organic_Mexico,organic,1115.63
10/02/2025,Mexico,paid_search_Mexico,paid_search,2079.6
10/02/2025,Mexico,social_Mexico,social,1144.98
10/02/2025,Colombia,organic_Colombia,organic,915.59
10/02/2025,Colombia,paid_search_Colombia,paid_search,859.55
10/02/2025,Colombia,social_Colombia,social,2126.64
10/02/2025,Argentina,organic_Argentina,organic,2941.11
10/02/2025,Argentina,paid_search_Argentina,paid_search,1345.46
10/02/2025,Argentina,social_Argentina,social,1172.61
11/02/2025,Mexico,organic_Mexico,organic,1766.27
11/02/2025,Mexico,paid_search_Mexico,paid_search,2947.25
11/02/2025,Mexico,social_Mexico,social,1592.89
11/02/2025,Colombia,organic_Colombia,organic,2639.41
11/02/2025,Colombia,paid_search_Colombia,paid_search,618.44
11/02/2025,Colombia,social_Colombia,social,710.21
11/02/2025,Argentina,organic_Argentina,organic,502.2
11/02/2025,Argentina,paid_search_Argentina,paid_search,2362.95
11/02/2025,Argentina,social_Argentina,social,2051.72
12/02/2025,Mexico,organic_Mexico,organic,2620.43
12/02/2025,Mexico,paid_search_Mexico,paid_search,2051.25
12/02/2025,Mexico,social_Mexico,social,1340.74
12/02/2025,Colombia,organic_Colombia,organic,619.11
12/02/2025,Colombia,paid_search_Colombia,paid_search,1879.01
12/02/2025,Colombia,social_Colombia,social,1273.91
12/02/2025,Argentina,organic_Argentina,organic,710.09
12/02/2025,Argentina,paid_search_Argentina,paid_search,2800
12/02/2025,Argentina,social_Argentina,social,2499.63
13/02/2025,Mexico,organic_Mexico,organic,1098.11
13/02/2025,Mexico,paid_search_Mexico,paid_search,2044.97
13/02/2025,Mexico,social_Mexico,social,1917.53
13/02/2025,Colombia,organic_Colombia,organic,2857.99
13/02/2025,Colombia,paid_search_Colombia,paid_search,2181.19
13/02/2025,Colombia,social_Colombia,social,2729.66
13/02/2025,Argentina,organic_Argentina,organic,2321.47
13/02/2025,Argentina,paid_search_Argentina,paid_search,2240.14
13/02/2025,Argentina,social_Argentina,social,2740.7
14/02/2025,Mexico,organic_Mexico,organic,1126.83
14/02/2025,Mexico,paid_search_Mexico,paid_search,1340.47
14/02/2025,Mexico,social_Mexico,social,2572.5
14/02/2025,Colombia,organic_Colombia,organic,2867.96
14/02/2025,Colombia,paid_search_Colombia,paid_search,1764.55
14/02/2025,Colombia,social_Colombia,social,2040.07
14/02/2025,Argentina,organic_Argentina,organic,1673.23
14/02/2025,Argentina,paid_search_Argentina,paid_search,1583.19
14/02/2025,Argentina,social_Argentina,social,1557.65
15/02/2025,Mexico,organic_Mexico,organic,1914.51
15/02/2025,Mexico,paid_search_Mexico,paid_search,2897.76
15/02/2025,Mexico,social_Mexico,social,1371.24
15/02/2025,Colombia,organic_Colombia,organic,2117.51
15/02/2025,Colombia,paid_search_Colombia,paid_search,758.91
15/02/2025,Colombia,social_Colombia,social,729.79
15/02/2025,Argentina,organic_Argentina,organic,2602.04
15/02/2025,Argentina,paid_search_Argentina,paid_search,1053.58
15/02/2025,Argentina,social_Argentina,social,2365
16/02/2025,Mexico,organic_Mexico,organic,1692.32
16/02/2025,Mexico,paid_search_Mexico,paid_search,1076.3
16/02/2025,Mexico,social_Mexico,social,769.42
16/02/2025,Colombia,organic_Colombia,organic,912.29
16/02/2025,Colombia,paid_search_Colombia,paid_search,1888.79
16/02/2025,Colombia,social_Colombia,social,1464.1
16/02/2025,Argentina,organic_Argentina,organic,1760.75
16/02/2025,Argentina,paid_search_Argentina,paid_search,539.68
16/02/2025,Argentina,social_Argentina,social,1779.02
17/02/2025,Mexico,organic_Mexico,organic,1233.12
17/02/2025,Mexico,paid_search_Mexico,paid_search,2907.02
17/02/2025,Mexico,social_Mexico,social,2796.09
17/02/2025,Colombia,organic_Colombia,organic,2754.84
17/02/2025,Colombia,paid_search_Colombia,paid_search,1605.88
17/02/2025,Colombia,social_Colombia,social,1966.1
17/02/2025,Argentina,organic_Argentina,organic,2335.15
17/02/2025,Argentina,paid_search_Argentina,paid_search,2890.61
17/02/2025,Argentina,social_Argentina,social,656.87
18/02/2025,Mexico,organic_Mexico,organic,1839.38
18/02/2025,Mexico,paid_search_Mexico,paid_search,2750.91
18/02/2025,Mexico,social_Mexico,social,870.61
18/02/2025,Colombia,organic_Colombia,organic,520.99
18/02/2025,Colombia,paid_search_Colombia,paid_search,1339.59
18/02/2025,Colombia,social_Colombia,social,1972.5
18/02/2025,Argentina,organic_Argentina,organic,818.69
18/02/2025,Argentina,paid_search_Argentina,paid_search,2726.68
18/02/2025,Argentina,social_Argentina,social,1983.84
19/02/2025,Mexico,organic_Mexico,organic,2988.32
19/02/2025,Mexico,paid_search_Mexico,paid_search,2627.93
19/02/2025,Mexico,social_Mexico,social,1960.35
19/02/2025,Colombia,organic_Colombia,organic,2218.09
19/02/2025,Colombia,paid_search_Colombia,paid_search,982.34
19/02/2025,Colombia,social_Colombia,social,1491.12
19/02/2025,Argentina,organic_Argentina,organic,576.78
19/02/2025,Argentina,paid_search_Argentina,paid_search,2609.77
19/02/2025,Argentina,social_Argentina,social,932.57
20/02/2025,Mexico,organic_Mexico,organic,2481.1
20/02/2025,Mexico,paid_search_Mexico,paid_search,2916.33
20/02/2025,Mexico,social_Mexico,social,2297.21
20/02/2025,Colombia,organic_Colombia,organic,2337.19
20/02/2025,Colombia,paid_search_Colombia,paid_search,2396.14
20/02/2025,Colombia,social_Colombia,social,2287.33
20/02/2025,Argentina,organic_Argentina,organic,1285.02
20/02/2025,Argentina,paid_search_Argentina,paid_search,1975.29
20/02/2025,Argentina,social_Argentina,social,2178.6
21/02/2025,Mexico,organic_Mexico,organic,1943.26
21/02/2025,Mexico,paid_search_Mexico,paid_search,1427.47
21/02/2025,Mexico,social_Mexico,social,2535.52
21/02/2025,Colombia,organic_Colombia,organic,802.29
21/02/2025,Colombia,paid_search_Colombia,paid_search,1915.65
21/02/2025,Colombia,social_Colombia,social,1086.55
21/02/2025,Argentina,organic_Argentina,organic,1004.32
21/02/2025,Argentina,paid_search_Argentina,paid_search,1446.01
21/02/2025,Argentina,social_Argentina,social,936.01
22/02/2025,Mexico,organic_Mexico,organic,1961.19
22/02/2025,Mexico,paid_search_Mexico,paid_search,1628.29
22/02/2025,Mexico,social_Mexico,social,2055.44
22/02/2025,Colombia,organic_Colombia,organic,699.81
22/02/2025,Colombia,paid_search_Colombia,paid_search,2880.14
22/02/2025,Colombia,social_Colombia,social,2999.36
22/02/2025,Argentina,organic_Argentina,organic,772.55
22/02/2025,Argentina,paid_search_Argentina,paid_search,2039.54
22/02/2025,Argentina,social_Argentina,social,1711.34
23/02/2025,Mexico,organic_Mexico,organic,2004.91
23/02/2025,Mexico,paid_search_Mexico,paid_search,1176.16
23/02/2025,Mexico,social_Mexico,social,2432.8
23/02/2025,Colombia,organic_Colombia,organic,2363.76
23/02/2025,Colombia,paid_search_Colombia,paid_search,2107.64
23/02/2025,Colombia,social_Colombia,social,634.17
23/02/2025,Argentina,organic_Argentina,organic,1255.48
23/02/2025,Argentina,paid_search_Argentina,paid_search,1758.69
23/02/2025,Argentina,social_Argentina,social,1255.49
24/02/2025,Mexico,organic_Mexico,organic,2860.22
24/02/2025,Mexico,paid_search_Mexico,paid_search,1190.24
24/02/2025,Mexico,social_Mexico,social,2732.14
24/02/2025,Colombia,organic_Colombia,organic,2166.54
24/02/2025,Colombia,paid_search_Colombia,paid_search,2286.43
24/02/2025,Colombia,social_Colombia,social,2449.69
24/02/2025,Argentina,organic_Argentina,organic,896.95
24/02/2025,Argentina,paid_search_Argentina,paid_search,673.33
24/02/2025,Argentina,social_Argentina,social,1144.79
25/02/2025,Mexico,organic_Mexico,organic,901.24
25/02/2025,Mexico,paid_search_Mexico,paid_search,794.07
25/02/2025,Mexico,social_Mexico,social,2643.91
25/02/2025,Colombia,organic_Colombia,organic,1669.77
25/02/2025,Colombia,paid_search_Colombia,paid_search,2969.49
25/02/2025,Colombia,social_Colombia,social,604.86
25/02/2025,Argentina,organic_Argentina,organic,2042.74
25/02/2025,Argentina,paid_search_Argentina,paid_search,552.09
25/02/2025,Argentina,social_Argentina,social,2476.56
26/02/2025,Mexico,organic_Mexico,organic,2604.93
26/02/2025,Mexico,paid_search_Mexico,paid_search,533.47
26/02/2025,Mexico,social_Mexico,social,1444.43
26/02/2025,Colombia,organic_Colombia,organic,679.05
26/02/2025,Colombia,paid_search_Colombia,paid_search,2580.79
26/02/2025,Colombia,social_Colombia,social,2271.79
26/02/2025,Argentina,organic_Argentina,organic,1245.09
26/02/2025,Argentina,paid_search_Argentina,paid_search,531.75
26/02/2025,Argentina,social_Argentina,social,2696.62
27/02/2025,Mexico,organic_Mexico,organic,2264.64
27/02/2025,Mexico,paid_search_Mexico,paid_search,2559.49
27/02/2025,Mexico,social_Mexico,social,1971.46
27/02/2025,Colombia,organic_Colombia,organic,2988.92
27/02/2025,Colombia,paid_search_Colombia,paid_search,2279.81
27/02/2025,Colombia,social_Colombia,social,831.02
27/02/2025,Argentina,organic_Argentina,organic,996.85
27/02/2025,Argentina,paid_search_Argentina,paid_search,1460.77
27/02/2025,Argentina,social_Argentina,social,784.04
28/02/2025,Mexico,organic_Mexico,organic,1523.78
28/02/2025,Mexico,paid_search_Mexico,paid_search,2178.26
28/02/2025,Mexico,social_Mexico,social,2362.64
28/02/2025,Colombia,organic_Colombia,organic,2083.37
28/02/2025,Colombia,paid_search_Colombia,paid_search,1552.63
28/02/2025,Colombia,social_Colombia,social,2715.28
28/02/2025,Argentina,organic_Argentina,organic,2477.47
28/02/2025,Argentina,paid_search_Argentina,paid_search,1677.61
28/02/2025,Argentina,social_Argentina,social,2303.14
01/03/2025,Mexico,organic_Mexico,organic,1285.76
01/03/2025,Mexico,paid_search_Mexico,paid_search,2565.67
01/03/2025,Mexico,social_Mexico,social,1997.66
01/03/2025,Colombia,organic_Colombia,organic,2665.73
01/03/2025,Colombia,paid_search_Colombia,paid_search,844.75
01/03/2025,Colombia,social_Colombia,social,2971.47
01/03/2025,Argentina,organic_Argentina,organic,1325.8
01/03/2025,Argentina,paid_search_Argentina,paid_search,732.26
01/03/2025,Argentina,social_Argentina,social,1625.45
02/03/2025,Mexico,organic_Mexico,organic,2563.5
02/03/2025,Mexico,paid_search_Mexico,paid_search,1018.16
02/03/2025,Mexico,social_Mexico,social,2220.58
02/03/2025,Colombia,organic_Colombia,organic,1966.37
02/03/2025,Colombia,paid_search_Colombia,paid_search,1035.48
02/03/2025,Colombia,social_Colombia,social,501.28
02/03/2025,Argentina,organic_Argentina,organic,1343.81
02/03/2025,Argentina,paid_search_Argentina,paid_search,1868.92
02/03/2025,Argentina,social_Argentina,social,778.93
03/03/2025,Mexico,organic_Mexico,organic,2674.67
03/03/2025,Mexico,paid_search_Mexico,paid_search,2969.11
03/03/2025,Mexico,social_Mexico,social,2040.3
03/03/2025,Colombia,organic_Colombia,organic,2043.61
03/03/2025,Colombia,paid_search_Colombia,paid_search,1467.76
03/03/2025,Colombia,social_Colombia,social,2310.52
03/03/2025,Argentina,organic_Argentina,organic,1416.81
03/03/2025,Argentina,paid_search_Argentina,paid_search,2921.05
03/03/2025,Argentina,social_Argentina,social,785.4
04/03/2025,Mexico,organic_Mexico,organic,505.59
04/03/2025,Mexico,paid_search_Mexico,paid_search,2902.89
04/03/2025,Mexico,social_Mexico,social,825.83
04/03/2025,Colombia,organic_Colombia,organic,2243.9
04/03/2025,Colombia,paid_search_Colombia,paid_search,2137.18
04/03/2025,Colombia,social_Colombia,social,2257.07
04/03/2025,Argentina,organic_Argentina,organic,2593.45
04/03/2025,Argentina,paid_search_Argentina,paid_search,523.1
04/03/2025,Argentina,social_Argentina,social,2293.99
05/03/2025,Mexico,organic_Mexico,organic,1857.56
05/03/2025,Mexico,paid_search_Mexico,paid_search,1508.72
05/03/2025,Mexico,social_Mexico,social,1079.07
05/03/2025,Colombia,organic_Colombia,organic,2382.48
05/03/2025,Colombia,paid_search_Colombia,paid_search,2628.61
05/03/2025,Colombia,social_Colombia,social,1610.57
05/03/2025,Argentina,organic_Argentina,organic,1320.59
05/03/2025,Argentina,paid_search_Argentina,paid_search,1300
05/03/2025,Argentina,social_Argentina,social,2974.46
06/03/2025,Mexico,organic_Mexico,organic,1651.4
06/03/2025,Mexico,paid_search_Mexico,paid_search,1244.98
06/03/2025,Mexico,social_Mexico,social,2727.94
06/03/2025,Colombia,organic_Colombia,organic,1338.79
06/03/2025,Colombia,paid_search_Colombia,paid_search,1037.34
06/03/2025,Colombia,social_Colombia,social,2793.68
06/03/2025,Argentina,organic_Argentina,organic,2971.77
06/03/2025,Argentina,paid_search_Argentina,paid_search,514.64
06/03/2025,Argentina,social_Argentina,social,2188.01
07/03/2025,Mexico,organic_Mexico,organic,2431.44
07/03/2025,Mexico,paid_search_Mexico,paid_search,2709.79
07/03/2025,Mexico,social_Mexico,social,1616.76
07/03/2025,Colombia,organic_Colombia,organic,2208.18
07/03/2025,Colombia,paid_search_Colombia,paid_search,1354.81
07/03/2025,Colombia,social_Colombia,social,1323.2
07/03/2025,Argentina,organic_Argentina,organic,2440.72
07/03/2025,Argentina,paid_search_Argentina,paid_search,674.71
07/03/2025,Argentina,social_Argentina,social,2896.24
08/03/2025,Mexico,organic_Mexico,organic,1430.22
08/03/2025,Mexico,paid_search_Mexico,paid_search,2796.79
08/03/2025,Mexico,social_Mexico,social,2337.36
08/03/2025,Colombia,organic_Colombia,organic,905.4
08/03/2025,Colombia,paid_search_Colombia,paid_search,955.49
08/03/2025,Colombia,social_Colombia,social,760.35
08/03/2025,Argentina,organic_Argentina,organic,2219.39
08/03/2025,Argentina,paid_search_Argentina,paid_search,2419.68
08/03/2025,Argentina,social_Argentina,social,2717.79
09/03/2025,Mexico,organic_Mexico,organic,777.29
09/03/2025,Mexico,paid_search_Mexico,paid_search,2979.65
09/03/2025,Mexico,social_Mexico,social,2261.8
09/03/2025,Colombia,organic_Colombia,organic,2314.17
09/03/2025,Colombia,paid_search_Colombia,paid_search,2674.55
09/03/2025,Colombia,social_Colombia,social,2707.99
09/03/2025,Argentina,organic_Argentina,organic,2460.54
09/03/2025,Argentina,paid_search_Argentina,paid_search,2039.28
09/03/2025,Argentina,social_Argentina,social,2703.46
10/03/2025,Mexico,organic_Mexico,organic,1817.97
10/03/2025,Mexico,paid_search_Mexico,paid_search,2880.9
10/03/2025,Mexico,social_Mexico,social,658.58
10/03/2025,Colombia,organic_Colombia,organic,1664.65
10/03/2025,Colombia,paid_search_Colombia,paid_search,1793.57
10/03/2025,Colombia,social_Colombia,social,2928.11
10/03/2025,Argentina,organic_Argentina,organic,1518.44
10/03/2025,Argentina,paid_search_Argentina,paid_search,2007.83
10/03/2025,Argentina,social_Argentina,social,1535.76
11/03/2025,Mexico,organic_Mexico,organic,2689.86
11/03/2025,Mexico,paid_search_Mexico,paid_search,2946.8
11/03/2025,Mexico,social_Mexico,social,1707.33
11/03/2025,Colombia,organic_Colombia,organic,1206.49
11/03/2025,Colombia,paid_search_Colombia,paid_search,865.82
11/03/2025,Colombia,social_Colombia,social,1615.39
11/03/2025,Argentina,organic_Argentina,organic,2296.31
11/03/2025,Argentina,paid_search_Argentina,paid_search,1187.95
11/03/2025,Argentina,social_Argentina,social,1815.6
12/03/2025,Mexico,organic_Mexico,organic,1862.52
12/03/2025,Mexico,paid_search_Mexico,paid_search,2272.92
12/03/2025,Mexico,social_Mexico,social,969.87
12/03/2025,Colombia,organic_Colombia,organic,1768.93
12/03/2025,Colombia,paid_search_Colombia,paid_search,581.57
12/03/2025,Colombia,social_Colombia,social,2083.91
12/03/2025,Argentina,organic_Argentina,organic,1989
12/03/2025,Argentina,paid_search_Argentina,paid_search,1641.58
12/03/2025,Argentina,social_Argentina,social,1581.3
13/03/2025,Mexico,organic_Mexico,organic,2834.77
13/03/2025,Mexico,paid_search_Mexico,paid_search,1770.31
13/03/2025,Mexico,social_Mexico,social,1467.01
13/03/2025,Colombia,organic_Colombia,organic,881.84
13/03/2025,Colombia,paid_search_Colombia,paid_search,2149.67
13/03/2025,Colombia,social_Colombia,social,2219.17
13/03/2025,Argentina,organic_Argentina,organic,2133.74
13/03/2025,Argentina,paid_search_Argentina,paid_search,691.8
13/03/2025,Argentina,social_Argentina,social,2829.92
14/03/2025,Mexico,organic_Mexico,organic,711.85
14/03/2025,Mexico,paid_search_Mexico,paid_search,1056.25
14/03/2025,Mexico,social_Mexico,social,2617
14/03/2025,Colombia,organic_Colombia,organic,908.29
14/03/2025,Colombia,paid_search_Colombia,paid_search,2596.73
14/03/2025,Colombia,social_Colombia,social,2907.91
14/03/2025,Argentina,organic_Argentina,organic,2636.93
14/03/2025,Argentina,paid_search_Argentina,paid_search,2340.49
14/03/2025,Argentina,social_Argentina,social,1700.72
15/03/2025,Mexico,organic_Mexico,organic,2000.39
15/03/2025,Mexico,paid_search_Mexico,paid_search,2778.67
15/03/2025,Mexico,social_Mexico,social,2826.9
15/03/2025,Colombia,organic_Colombia,organic,744.06
15/03/2025,Colombia,paid_search_Colombia,paid_search,1691.2
15/03/2025,Colombia,social_Colombia,social,2517.14
15/03/2025,Argentina,organic_Argentina,organic,2675.72
15/03/2025,Argentina,paid_search_Argentina,paid_search,1485.68
15/03/2025,Argentina,social_Argentina,social,1435.46
16/03/2025,Mexico,organic_Mexico,organic,1193.85
16/03/2025,Mexico,paid_search_Mexico,paid_search,2406.21
16/03/2025,Mexico,social_Mexico,social,575.12
16/03/2025,Colombia,organic_Colombia,organic,1783.06
16/03/2025,Colombia,paid_search_Colombia,paid_search,2579.61
16/03/2025,Colombia,social_Colombia,social,1467.96
16/03/2025,Argentina,organic_Argentina,organic,1290.87
16/03/2025,Argentina,paid_search_Argentina,paid_search,2468.62
16/03/2025,Argentina,social_Argentina,social,1630.64
17/03/2025,Mexico,organic_Mexico,organic,2380.07
17/03/2025,Mexico,paid_search_Mexico,paid_search,533.88
17/03/2025,Mexico,social_Mexico,social,1010.72
17/03/2025,Colombia,organic_Colombia,organic,2026.73
17/03/2025,Colombia,paid_search_Colombia,paid_search,856.19
17/03/2025,Colombia,social_Colombia,social,2562.97
17/03/2025,Argentina,organic_Argentina,organic,1142.13
17/03/2025,Argentina,paid_search_Argentina,paid_search,784.67
17/03/2025,Argentina,social_Argentina,social,1254.99
18/03/2025,Mexico,organic_Mexico,organic,2127.39
18/03/2025,Mexico,paid_search_Mexico,paid_search,554.52
18/03/2025,Mexico,social_Mexico,social,597.7
18/03/2025,Colombia,organic_Colombia,organic,2755.39
18/03/2025,Colombia,paid_search_Colombia,paid_search,1786.94
18/03/2025,Colombia,social_Colombia,social,725.58
18/03/2025,Argentina,organic_Argentina,organic,2454.71
18/03/2025,Argentina,paid_search_Argentina,paid_search,2197.85
18/03/2025,Argentina,social_Argentina,social,2566.51
19/03/2025,Mexico,organic_Mexico,organic,1295.6
19/03/2025,Mexico,paid_search_Mexico,paid_search,2775.27
19/03/2025,Mexico,social_Mexico,social,1582.66
19/03/2025,Colombia,organic_Colombia,organic,708.99
19/03/2025,Colombia,paid_search_Colombia,paid_search,1766
19/03/2025,Colombia,social_Colombia,social,1490.12
19/03/2025,Argentina,organic_Argentina,organic,1911.73
19/03/2025,Argentina,paid_search_Argentina,paid_search,695.47
19/03/2025,Argentina,social_Argentina,social,1376.88
20/03/2025,Mexico,organic_Mexico,organic,767.58
20/03/2025,Mexico,paid_search_Mexico,paid_search,1208.18
20/03/2025,Mexico,social_Mexico,social,1055.35
20/03/2025,Colombia,organic_Colombia,organic,2662.43
20/03/2025,Colombia,paid_search_Colombia,paid_search,2038.09
20/03/2025,Colombia,social_Colombia,social,2065.47
20/03/2025,Argentina,organic_Argentina,organic,1737.1
20/03/2025,Argentina,paid_search_Argentina,paid_search,2643.27
20/03/2025,Argentina,social_Argentina,social,2882.59
21/03/2025,Mexico,organic_Mexico,organic,1620.17
21/03/2025,Mexico,paid_search_Mexico,paid_search,1566.3
21/03/2025,Mexico,social_Mexico,social,2794.58
21/03/2025,Colombia,organic_Colombia,organic,779.63
21/03/2025,Colombia,paid_search_Colombia,paid_search,2639.25
21/03/2025,Colombia,social_Colombia,social,2818.25
21/03/2025,Argentina,organic_Argentina,organic,1812.19
21/03/2025,Argentina,paid_search_Argentina,paid_search,894.59
21/03/2025,Argentina,social_Argentina,social,2699.24
22/03/2025,Mexico,organic_Mexico,organic,1638.03
22/03/2025,Mexico,paid_search_Mexico,paid_search,1156.59
22/03/2025,Mexico,social_Mexico,social,1576.11
22/03/2025,Colombia,organic_Colombia,organic,945.31
22/03/2025,Colombia,paid_search_Colombia,paid_search,2258.04
22/03/2025,Colombia,social_Colombia,social,2869.48
22/03/2025,Argentina,organic_Argentina,organic,619.11
22/03/2025,Argentina,paid_search_Argentina,paid_search,2105.4
22/03/2025,Argentina,social_Argentina,social,2375.49
23/03/2025,Mexico,organic_Mexico,organic,2423.01
23/03/2025,Mexico,paid_search_Mexico,paid_search,1236.86
23/03/2025,Mexico,social_Mexico,social,2878.95
23/03/2025,Colombia,organic_Colombia,organic,2899.55
23/03/2025,Colombia,paid_search_Colombia,paid_search,2761.22
23/03/2025,Colombia,social_Colombia,social,1298.04
23/03/2025,Argentina,organic_Argentina,organic,2990.6
23/03/2025,Argentina,paid_search_Argentina,paid_search,1297.98
23/03/2025,Argentina,social_Argentina,social,2804.65
24/03/2025,Mexico,organic_Mexico,organic,2938.28
24/03/2025,Mexico,paid_search_Mexico,paid_search,585.56
24/03/2025,Mexico,social_Mexico,social,1895.26
24/03/2025,Colombia,organic_Colombia,organic,2421
24/03/2025,Colombia,paid_search_Colombia,paid_search,663.73
24/03/2025,Colombia,social_Colombia,social,744.95
24/03/2025,Argentina,organic_Argentina,organic,2387.88
24/03/2025,Argentina,paid_search_Argentina,paid_search,2237.02
24/03/2025,Argentina,social_Argentina,social,1168.73
25/03/2025,Mexico,organic_Mexico,organic,1332.11
25/03/2025,Mexico,paid_search_Mexico,paid_search,2969.28
25/03/2025,Mexico,social_Mexico,social,2993.4
25/03/2025,Colombia,organic_Colombia,organic,922.63
25/03/2025,Colombia,paid_search_Colombia,paid_search,810.64
25/03/2025,Colombia,social_Colombia,social,2105.36
25/03/2025,Argentina,organic_Argentina,organic,1679.68
25/03/2025,Argentina,paid_search_Argentina,paid_search,843.26
25/03/2025,Argentina,social_Argentina,social,2307.75
26/03/2025,Mexico,organic_Mexico,organic,2770.95
26/03/2025,Mexico,paid_search_Mexico,paid_search,2834.31
26/03/2025,Mexico,social_Mexico,social,590.64
26/03/2025,Colombia,organic_Colombia,organic,547.28
26/03/2025,Colombia,paid_search_Colombia,paid_search,2790.82
26/03/2025,Colombia,social_Colombia,social,2841.48
26/03/2025,Argentina,organic_Argentina,organic,2369.91
26/03/2025,Argentina,paid_search_Argentina,paid_search,1040.64
26/03/2025,Argentina,social_Argentina,social,1587.44
27/03/2025,Mexico,organic_Mexico,organic,2921.5
27/03/2025,Mexico,paid_search_Mexico,paid_search,1917.8
27/03/2025,Mexico,social_Mexico,social,1857.03
27/03/2025,Colombia,organic_Colombia,organic,2971.19
27/03/2025,Colombia,paid_search_Colombia,paid_search,1290.25
27/03/2025,Colombia,social_Colombia,social,2345.12
27/03/2025,Argentina,organic_Argentina,organic,2357.61
27/03/2025,Argentina,paid_search_Argentina,paid_search,2884.87
27/03/2025,Argentina,social_Argentina,social,2233.71
28/03/2025,Mexico,organic_Mexico,organic,1300.24
28/03/2025,Mexico,paid_search_Mexico,paid_search,2553.86
28/03/2025,Mexico,social_Mexico,social,1804.88
28/03/2025,Colombia,organic_Colombia,organic,676.5
28/03/2025,Colombia,paid_search_Colombia,paid_search,1450.98
28/03/2025,Colombia,social_Colombia,social,603.17
28/03/2025,Argentina,organic_Argentina,organic,1040.38
28/03/2025,Argentina,paid_search_Argentina,paid_search,1955.53
28/03/2025,Argentina,social_Argentina,social,1475.66
29/03/2025,Mexico,organic_Mexico,organic,2097.19
29/03/2025,Mexico,paid_search_Mexico,paid_search,2467.24
29/03/2025,Mexico,social_Mexico,social,2769.14
29/03/2025,Colombia,organic_Colombia,organic,2802.7
29/03/2025,Colombia,paid_search_Colombia,paid_search,1921.42
29/03/2025,Colombia,social_Colombia,social,1391.51
29/03/2025,Argentina,organic_Argentina,organic,2417.71
29/03/2025,Argentina,paid_search_Argentina,paid_search,650.12
29/03/2025,Argentina,social_Argentina,social,1490.41
30/03/2025,Mexico,organic_Mexico,organic,828.11
30/03/2025,Mexico,paid_search_Mexico,paid_search,1731.35
30/03/2025,Mexico,social_Mexico,social,2408.97
30/03/2025,Colombia,organic_Colombia,organic,2629.57
30/03/2025,Colombia,paid_search_Colombia,paid_search,2563.4
30/03/2025,Colombia,social_Colombia,social,882.63
30/03/2025,Argentina,organic_Argentina,organic,2458.53
30/03/2025,Argentina,paid_search_Argentina,paid_search,1744.8
30/03/2025,Argentina,social_Argentina,social,1358.22
31/03/2025,Mexico,organic_Mexico,organic,2238.17
31/03/2025,Mexico,paid_search_Mexico,paid_search,2006.13
31/03/2025,Mexico,social_Mexico,social,2382.97
31/03/2025,Colombia,organic_Colombia,organic,2830.91
31/03/2025,Colombia,paid_search_Colombia,paid_search,612.18
31/03/2025,Colombia,social_Colombia,social,2945.61
31/03/2025,Argentina,organic_Argentina,organic,2418.3
31/03/2025,Argentina,paid_search_Argentina,paid_search,546.85
31/03/2025,Argentina,social_Argentina,social,2293.72
01/04/2025,Mexico,organic_Mexico,organic,1588.59
01/04/2025,Mexico,paid_search_Mexico,paid_search,1113.38
01/04/2025,Mexico,social_Mexico,social,1004.92
01/04/2025,Colombia,organic_Colombia,organic,2226.62
01/04/2025,Colombia,paid_search_Colombia,paid_search,1794.02
01/04/2025,Colombia,social_Colombia,social,1141.43
01/04/2025,Argentina,organic_Argentina,organic,2836.63
01/04/2025,Argentina,paid_search_Argentina,paid_search,2381.43
01/04/2025,Argentina,social_Argentina,social,1662.12
02/04/2025,Mexico,organic_Mexico,organic,2618.67
02/04/2025,Mexico,paid_search_Mexico,paid_search,1565.52
02/04/2025,Mexico,social_Mexico,social,1646.79
02/04/2025,Colombia,organic_Colombia,organic,1088.54
02/04/2025,Colombia,paid_search_Colombia,paid_search,2135.97
02/04/2025,Colombia,social_Colombia,social,1699.24
02/04/2025,Argentina,organic_Argentina,organic,776.65
02/04/2025,Argentina,paid_search_Argentina,paid_search,872.62
02/04/2025,Argentina,social_Argentina,social,1359.38
03/04/2025,Mexico,organic_Mexico,organic,2079.1
03/04/2025,Mexico,paid_search_Mexico,paid_search,955.01
03/04/2025,Mexico,social_Mexico,social,2603.31
03/04/2025,Colombia,organic_Colombia,organic,1772.7
03/04/2025,Colombia,paid_search_Colombia,paid_search,1264.02
03/04/2025,Colombia,social_Colombia,social,2888.12
03/04/2025,Argentina,organic_Argentina,organic,2828.62
03/04/2025,Argentina,paid_search_Argentina,paid_search,2405.88
03/04/2025,Argentina,social_Argentina,social,2451.95
04/04/2025,Mexico,organic_Mexico,organic,2924.95
04/04/2025,Mexico,paid_search_Mexico,paid_search,2188.7
04/04/2025,Mexico,social_Mexico,social,1919.23
04/04/2025,Colombia,organic_Colombia,organic,1496.64
04/04/2025,Colombia,paid_search_Colombia,paid_search,1294.32
04/04/2025,Colombia,social_Colombia,social,743.49
04/04/2025,Argentina,organic_Argentina,organic,842.11
04/04/2025,Argentina,paid_search_Argentina,paid_search,2195.9
04/04/2025,Argentina,social_Argentina,social,630.78
05/04/2025,Mexico,organic_Mexico,organic,2611.13
05/04/2025,Mexico,paid_search_Mexico,paid_search,1982.97
05/04/2025,Mexico,social_Mexico,social,1488.23
05/04/2025,Colombia,organic_Colombia,organic,2063.86
05/04/2025,Colombia,paid_search_Colombia,paid_search,1965.5
05/04/2025,Colombia,social_Colombia,social,2317.42
05/04/2025,Argentina,organic_Argentina,organic,977.94
05/04/2025,Argentina,paid_search_Argentina,paid_search,2456.57
05/04/2025,Argentina,social_Argentina,social,2613.24
06/04/2025,Mexico,organic_Mexico,organic,1191.92
06/04/2025,Mexico,paid_search_Mexico,paid_search,1584.45
06/04/2025,Mexico,social_Mexico,social,2009.39
06/04/2025,Colombia,organic_Colombia,organic,1242.79
06/04/2025,Colombia,paid_search_Colombia,paid_search,1284.26
06/04/2025,Colombia,social_Colombia,social,1281.05
06/04/2025,Argentina,organic_Argentina,organic,981.91
06/04/2025,Argentina,paid_search_Argentina,paid_search,2044.79
06/04/2025,Argentina,social_Argentina,social,1670.75
07/04/2025,Mexico,organic_Mexico,organic,2833.06
07/04/2025,Mexico,paid_search_Mexico,paid_search,1068.41
07/04/2025,Mexico,social_Mexico,social,1571.1
07/04/2025,Colombia,organic_Colombia,organic,2024.73
07/04/2025,Colombia,paid_search_Colombia,paid_search,730.82
07/04/2025,Colombia,social_Colombia,social,1831.64
07/04/2025,Argentina,organic_Argentina,organic,1489.46
07/04/2025,Argentina,paid_search_Argentina,paid_search,1423.21
07/04/2025,Argentina,social_Argentina,social,788.44
08/04/2025,Mexico,organic_Mexico,organic,1619.03
08/04/2025,Mexico,paid_search_Mexico,paid_search,2997.21
08/04/2025,Mexico,social_Mexico,social,2306.55
08/04/2025,Colombia,organic_Colombia,organic,2706.41
08/04/2025,Colombia,paid_search_Colombia,paid_search,803.34
08/04/2025,Colombia,social_Colombia,social,905.32
08/04/2025,Argentina,organic_Argentina,organic,959.84
08/04/2025,Argentina,paid_search_Argentina,paid_search,2825.69
08/04/2025,Argentina,social_Argentina,social,2267.89
09/04/2025,Mexico,organic_Mexico,organic,821.65
09/04/2025,Mexico,paid_search_Mexico,paid_search,2675
09/04/2025,Mexico,social_Mexico,social,2186.09
09/04/2025,Colombia,organic_Colombia,organic,1466.77
09/04/2025,Colombia,paid_search_Colombia,paid_search,2843.17
09/04/2025,Colombia,social_Colombia,social,2524.52
09/04/2025,Argentina,organic_Argentina,organic,2084.06
09/04/2025,Argentina,paid_search_Argentina,paid_search,1620.5
09/04/2025,Argentina,social_Argentina,social,1617.24
10/04/2025,Mexico,organic_Mexico,organic,530.09
10/04/2025,Mexico,paid_search_Mexico,paid_search,900.22
10/04/2025,Mexico,social_Mexico,social,2985.3
10/04/2025,Colombia,organic_Colombia,organic,1457.55
10/04/2025,Colombia,paid_search_Colombia,paid_search,605.02
10/04/2025,Colombia,social_Colombia,social,836.96
10/04/2025,Argentina,organic_Argentina,organic,1568.67
10/04/2025,Argentina,paid_search_Argentina,paid_search,568.23
10/04/2025,Argentina,social_Argentina,social,2641.67
11/04/2025,Mexico,organic_Mexico,organic,648.7
11/04/2025,Mexico,paid_search_Mexico,paid_search,1998.4
11/04/2025,Mexico,social_Mexico,social,1019.84
11/04/2025,Colombia,organic_Colombia,organic,1094.33
11/04/2025,Colombia,paid_search_Colombia,paid_search,1805.77
11/04/2025,Colombia,social_Colombia,social,1248.96
11/04/2025,Argentina,organic_Argentina,organic,2797.2
11/04/2025,Argentina,paid_search_Argentina,paid_search,1975.86
11/04/2025,Argentina,social_Argentina,social,529.41
12/04/2025,Mexico,organic_Mexico,organic,2544.38
12/04/2025,Mexico,paid_search_Mexico,paid_search,2012.43
12/04/2025,Mexico,social_Mexico,social,1096.23
12/04/2025,Colombia,organic_Colombia,organic,1141.81
12/04/2025,Colombia,paid_search_Colombia,paid_search,2129.3
12/04/2025,Colombia,social_Colombia,social,2552.18
12/04/2025,Argentina,organic_Argentina,organic,1722.17
12/04/2025,Argentina,paid_search_Argentina,paid_search,1648.06
12/04/2025,Argentina,social_Argentina,social,2414.69
13/04/2025,Mexico,organic_Mexico,organic,998.5
13/04/2025,Mexico,paid_search_Mexico,paid_search,1146.51
13/04/2025,Mexico,social_Mexico,social,1792.3
13/04/2025,Colombia,organic_Colombia,organic,2781.69
13/04/2025,Colombia,paid_search_Colombia,paid_search,1282.75
13/04/2025,Colombia,social_Colombia,social,1714.96
13/04/2025,Argentina,organic_Argentina,organic,1755.88
13/04/2025,Argentina,paid_search_Argentina,paid_search,750.85
13/04/2025,Argentina,social_Argentina,social,1189.58
14/04/2025,Mexico,organic_Mexico,organic,937.27
14/04/2025,Mexico,paid_search_Mexico,paid_search,770.89
14/04/2025,Mexico,social_Mexico,social,2972.83
14/04/2025,Colombia,organic_Colombia,organic,1280.83
14/04/2025,Colombia,paid_search_Colombia,paid_search,1254.61
14/04/2025,Colombia,social_Colombia,social,825.87
14/04/2025,Argentina,organic_Argentina,organic,1502.33
14/04/2025,Argentina,paid_search_Argentina,paid_search,2821.06
14/04/2025,Argentina,social_Argentina,social,640.98
15/04/2025,Mexico,organic_Mexico,organic,1494.61
15/04/2025,Mexico,paid_search_Mexico,paid_search,2547.24
15/04/2025,Mexico,social_Mexico,social,2941.47
15/04/2025,Colombia,organic_Colombia,organic,2850.39
15/04/2025,Colombia,paid_search_Colombia,paid_search,1051.63
15/04/2025,Colombia,social_Colombia,social,1246.96
15/04/2025,Argentina,organic_Argentina,organic,2435.64
15/04/2025,Argentina,paid_search_Argentina,paid_search,1064.27
15/04/2025,Argentina,social_Argentina,social,1838.18
16/04/2025,Mexico,organic_Mexico,organic,822.63
16/04/2025,Mexico,paid_search_Mexico,paid_search,594.56
16/04/2025,Mexico,social_Mexico,social,948.58
16/04/2025,Colombia,organic_Colombia,organic,608.25
16/04/2025,Colombia,paid_search_Colombia,paid_search,2566.05
16/04/2025,Colombia,social_Colombia,social,566.53
16/04/2025,Argentina,organic_Argentina,organic,847.78
16/04/2025,Argentina,paid_search_Argentina,paid_search,1056.46
16/04/2025,Argentina,social_Argentina,social,645.59
17/04/2025,Mexico,organic_Mexico,organic,1281.69
17/04/2025,Mexico,paid_search_Mexico,paid_search,1679.03
17/04/2025,Mexico,social_Mexico,social,2613.53
17/04/2025,Colombia,organic_Colombia,organic,2718.5
17/04/2025,Colombia,paid_search_Colombia,paid_search,1376.71
17/04/2025,Colombia,social_Colombia,social,2544.17
17/04/2025,Argentina,organic_Argentina,organic,552.76
17/04/2025,Argentina,paid_search_Argentina,paid_search,1927.66
17/04/2025,Argentina,social_Argentina,social,1120.11
18/04/2025,Mexico,organic_Mexico,organic,1331.29
18/04/2025,Mexico,paid_search_Mexico,paid_search,685.69
18/04/2025,Mexico,social_Mexico,social,1292.88
18/04/2025,Colombia,organic_Colombia,organic,2001.17
18/04/2025,Colombia,paid_search_Colombia,paid_search,1531.17
18/04/2025,Colombia,social_Colombia,social,1802.53
18/04/2025,Argentina,organic_Argentina,organic,1837.64
18/04/2025,Argentina,paid_search_Argentina,paid_search,737.35
18/04/2025,Argentina,social_Argentina,social,2963.99
19/04/2025,Mexico,organic_Mexico,organic,1911.35
19/04/2025,Mexico,paid_search_Mexico,paid_search,889.34
19/04/2025,Mexico,social_Mexico,social,1271.51
19/04/2025,Colombia,organic_Colombia,organic,1733.01
19/04/2025,Colombia,paid_search_Colombia,paid_search,2511.43
19/04/2025,Colombia,social_Colombia,social,2611.02
19/04/2025,Argentina,organic_Argentina,organic,1592.65
19/04/2025,Argentina,paid_search_Argentina,paid_search,1288.65
19/04/2025,Argentina,social_Argentina,social,1978.68
20/04/2025,Mexico,organic_Mexico,organic,1284.19
20/04/2025,Mexico,paid_search_Mexico,paid_search,1876.04
20/04/2025,Mexico,social_Mexico,social,1303.59
20/04/2025,Colombia,organic_Colombia,organic,1141.41
20/04/2025,Colombia,paid_search_Colombia,paid_search,1852.97
20/04/2025,Colombia,social_Colombia,social,1523.78
20/04/2025,Argentina,organic_Argentina,organic,1053.53
20/04/2025,Argentina,paid_search_Argentina,paid_search,1063.51
20/04/2025,Argentina,social_Argentina,social,1976.55
21/04/2025,Mexico,organic_Mexico,organic,2272.37
21/04/2025,Mexico,paid_search_Mexico,paid_search,2996.17
21/04/2025,Mexico,social_Mexico,social,2565.03
21/04/2025,Colombia,organic_Colombia,organic,1006.44
21/04/2025,Colombia,paid_search_Colombia,paid_search,777.23
21/04/2025,Colombia,social_Colombia,social,741.92
21/04/2025,Argentina,organic_Argentina,organic,2822.89
21/04/2025,Argentina,paid_search_Argentina,paid_search,567.44
21/04/2025,Argentina,social_Argentina,social,923.22
22/04/2025,Mexico,organic_Mexico,organic,1893.79
22/04/2025,Mexico,paid_search_Mexico,paid_search,908.37
22/04/2025,Mexico,social_Mexico,social,2442.91
22/04/2025,Colombia,organic_Colombia,organic,1680.74
22/04/2025,Colombia,paid_search_Colombia,paid_search,2481.71
22/04/2025,Colombia,social_Colombia,social,1095.04
22/04/2025,Argentina,organic_Argentina,organic,2823.71
22/04/2025,Argentina,paid_search_Argentina,paid_search,1944.43
22/04/2025,Argentina,social_Argentina,social,1433.06
23/04/2025,Mexico,organic_Mexico,organic,1129.78
23/04/2025,Mexico,paid_search_Mexico,paid_search,614.26
23/04/2025,Mexico,social_Mexico,social,1129.52
23/04/2025,Colombia,organic_Colombia,organic,1262.89
23/04/2025,Colombia,paid_search_Colombia,paid_search,666.44
23/04/2025,Colombia,social_Colombia,social,1829.06
23/04/2025,Argentina,organic_Argentina,organic,1700.03
23/04/2025,Argentina,paid_search_Argentina,paid_search,2611.31
23/04/2025,Argentina,social_Argentina,social,533.26
24/04/2025,Mexico,organic_Mexico,organic,2044.46
24/04/2025,Mexico,paid_search_Mexico,paid_search,1488.65
24/04/2025,Mexico,social_Mexico,social,2084.1
24/04/2025,Colombia,organic_Colombia,organic,1018.16
24/04/2025,Colombia,paid_search_Colombia,paid_search,1690.43
24/04/2025,Colombia,social_Colombia,social,654.09
24/04/2025,Argentina,organic_Argentina,organic,2186.89
24/04/2025,Argentina,paid_search_Argentina,paid_search,562.54
24/04/2025,Argentina,social_Argentina,social,2036.86
25/04/2025,Mexico,organic_Mexico,organic,2386.72
25/04/2025,Mexico,paid_search_Mexico,paid_search,1969.2
25/04/2025,Mexico,social_Mexico,social,2703.03
25/04/2025,Colombia,organic_Colombia,organic,1766.91
25/04/2025,Colombia,paid_search_Colombia,paid_search,1306.41
25/04/2025,Colombia,social_Colombia,social,875.18
25/04/2025,Argentina,organic_Argentina,organic,2080.03
25/04/2025,Argentina,paid_search_Argentina,paid_search,1599.28
25/04/2025,Argentina,social_Argentina,social,2734.16
26/04/2025,Mexico,organic_Mexico,organic,948.6
26/04/2025,Mexico,paid_search_Mexico,paid_search,1633.72
26/04/2025,Mexico,social_Mexico,social,1312.54
26/04/2025,Colombia,organic_Colombia,organic,1813.5
26/04/2025,Colombia,paid_search_Colombia,paid_search,2839.17
26/04/2025,Colombia,social_Colombia,social,2264.98
26/04/2025,Argentina,organic_Argentina,organic,1003.21
26/04/2025,Argentina,paid_search_Argentina,paid_search,611.18
26/04/2025,Argentina,social_Argentina,social,1541.78
27/04/2025,Mexico,organic_Mexico,organic,925.58
27/04/2025,Mexico,paid_search_Mexico,paid_search,1453.88
27/04/2025,Mexico,social_Mexico,social,1422.36
27/04/2025,Colombia,organic_Colombia,organic,2570.16
27/04/2025,Colombia,paid_search_Colombia,paid_search,2326.63
27/04/2025,Colombia,social_Colombia,social,785.18
27/04/2025,Argentina,organic_Argentina,organic,1933.99
27/04/2025,Argentina,paid_search_Argentina,paid_search,2424.53
27/04/2025,Argentina,social_Argentina,social,735.66
28/04/2025,Mexico,organic_Mexico,organic,2818.57
28/04/2025,Mexico,paid_search_Mexico,paid_search,1961.82
28/04/2025,Mexico,social_Mexico,social,2663.32
28/04/2025,Colombia,organic_Colombia,organic,1066.53
28/04/2025,Colombia,paid_search_Colombia,paid_search,1300.17
28/04/2025,Colombia,social_Colombia,social,2651.21
28/04/2025,Argentina,organic_Argentina,organic,585.09
28/04/2025,Argentina,paid_search_Argentina,paid_search,670.13
28/04/2025,Argentina,social_Argentina,social,2376.12
29/04/2025,Mexico,organic_Mexico,organic,1225.31
29/04/2025,Mexico,paid_search_Mexico,paid_search,2709.97
29/04/2025,Mexico,social_Mexico,social,1925.3
29/04/2025,Colombia,organic_Colombia,organic,1671.9
29/04/2025,Colombia,paid_search_Colombia,paid_search,1337.15
29/04/2025,Colombia,social_Colombia,social,1267.94
29/04/2025,Argentina,organic_Argentina,organic,1610.19
29/04/2025,Argentina,paid_search_Argentina,paid_search,1890.25
29/04/2025,Argentina,social_Argentina,social,1623.33
30/04/2025,Mexico,organic_Mexico,organic,2916.94
30/04/2025,Mexico,paid_search_Mexico,paid_search,1338.84
30/04/2025,Mexico,social_Mexico,social,1012.43
30/04/2025,Colombia,organic_Colombia,organic,2917.53
30/04/2025,Colombia,paid_search_Colombia,paid_search,935.46
30/04/2025,Colombia,social_Colombia,social,1029.55
30/04/2025,Argentina,organic_Argentina,organic,846.33
30/04/2025,Argentina,paid_search_Argentina,paid_search,864.43
30/04/2025,Argentina,social_Argentina,social,1739.55
01/05/2025,Mexico,organic_Mexico,organic,2851.59
01/05/2025,Mexico,paid_search_Mexico,paid_search,569.82
01/05/2025,Mexico,social_Mexico,social,2902.12
01/05/2025,Colombia,organic_Colombia,organic,2406.33
01/05/2025,Colombia,paid_search_Colombia,paid_search,2467.79
01/05/2025,Colombia,social_Colombia,social,2588.51
01/05/2025,Argentina,organic_Argentina,organic,1148.26
01/05/2025,Argentina,paid_search_Argentina,paid_search,1649.66
01/05/2025,Argentina,social_Argentina,social,2990.09
02/05/2025,Mexico,organic_Mexico,organic,605.99
02/05/2025,Mexico,paid_search_Mexico,paid_search,2974.84
02/05/2025,Mexico,social_Mexico,social,1826.62
02/05/2025,Colombia,organic_Colombia,organic,2704.59
02/05/2025,Colombia,paid_search_Colombia,paid_search,687.9
02/05/2025,Colombia,social_Colombia,social,2240.67
02/05/2025,Argentina,organic_Argentina,organic,1571.99
02/05/2025,Argentina,paid_search_Argentina,paid_search,788.42
02/05/2025,Argentina,social_Argentina,social,2324.18
03/05/2025,Mexico,organic_Mexico,organic,1490.89
03/05/2025,Mexico,paid_search_Mexico,paid_search,2040.14
03/05/2025,Mexico,social_Mexico,social,2587.21
03/05/2025,Colombia,organic_Colombia,organic,1548.25
03/05/2025,Colombia,paid_search_Colombia,paid_search,769.59
03/05/2025,Colombia,social_Colombia,social,1734.17
03/05/2025,Argentina,organic_Argentina,organic,2776.26
03/05/2025,Argentina,paid_search_Argentina,paid_search,2382.16
03/05/2025,Argentina,social_Argentina,social,1460.05
04/05/2025,Mexico,organic_Mexico,organic,1466.42
04/05/2025,Mexico,paid_search_Mexico,paid_search,1065.01
04/05/2025,Mexico,social_Mexico,social,700.87
04/05/2025,Colombia,organic_Colombia,organic,2029.19
04/05/2025,Colombia,paid_search_Colombia,paid_search,1132.92
04/05/2025,Colombia,social_Colombia,social,1393.33
04/05/2025,Argentina,organic_Argentina,organic,2161.7
04/05/2025,Argentina,paid_search_Argentina,paid_search,1178.2
04/05/2025,Argentina,social_Argentina,social,2052.55
05/05/2025,Mexico,organic_Mexico,organic,648.03
05/05/2025,Mexico,paid_search_Mexico,paid_search,915.69
05/05/2025,Mexico,social_Mexico,social,2725.8
05/05/2025,Colombia,organic_Colombia,organic,2207.26
05/05/2025,Colombia,paid_search_Colombia,paid_search,2463.91
05/05/2025,Colombia,social_Colombia,social,2980.48
05/05/2025,Argentina,organic_Argentina,organic,2492.03
05/05/2025,Argentina,paid_search_Argentina,paid_search,1409.26
05/05/2025,Argentina,social_Argentina,social,2637.56
06/05/2025,Mexico,organic_Mexico,organic,1336.86
06/05/2025,Mexico,paid_search_Mexico,paid_search,2663.57
06/05/2025,Mexico,social_Mexico,social,946.67
06/05/2025,Colombia,organic_Colombia,organic,520.49
06/05/2025,Colombia,paid_search_Colombia,paid_search,1042.26
06/05/2025,Colombia,social_Colombia,social,653.36
06/05/2025,Argentina,organic_Argentina,organic,2611.16
06/05/2025,Argentina,paid_search_Argentina,paid_search,1580.81
06/05/2025,Argentina,social_Argentina,social,1228.31
07/05/2025,Mexico,organic_Mexico,organic,2014.7
07/05/2025,Mexico,paid_search_Mexico,paid_search,2238.21
07/05/2025,Mexico,social_Mexico,social,722.6
07/05/2025,Colombia,organic_Colombia,organic,1674.2
07/05/2025,Colombia,paid_search_Colombia,paid_search,1327.55
07/05/2025,Colombia,social_Colombia,social,2228.71
07/05/2025,Argentina,organic_Argentina,organic,2772.91
07/05/2025,Argentina,paid_search_Argentina,paid_search,2061.54
07/05/2025,Argentina,social_Argentina,social,2218.4
08/05/2025,Mexico,organic_Mexico,organic,1128.41
08/05/2025,Mexico,paid_search_Mexico,paid_search,2908.08
08/05/2025,Mexico,social_Mexico,social,2143.51
08/05/2025,Colombia,organic_Colombia,organic,1892.26
08/05/2025,Colombia,paid_search_Colombia,paid_search,536.75
08/05/2025,Colombia,social_Colombia,social,1977.14
08/05/2025,Argentina,organic_Argentina,organic,2741.98
08/05/2025,Argentina,paid_search_Argentina,paid_search,1489.06
08/05/2025,Argentina,social_Argentina,social,2060.3
09/05/2025,Mexico,organic_Mexico,organic,2806.78
09/05/2025,Mexico,paid_search_Mexico,paid_search,846.95
09/05/2025,Mexico,social_Mexico,social,2427.19
09/05/2025,Colombia,organic_Colombia,organic,2252.03
09/05/2025,Colombia,paid_search_Colombia,paid_search,1082.27
09/05/2025,Colombia,social_Colombia,social,2115.25
09/05/2025,Argentina,organic_Argentina,organic,2696.62
09/05/2025,Argentina,paid_search_Argentina,paid_search,528.67
09/05/2025,Argentina,social_Argentina,social,2486.07
10/05/2025,Mexico,organic_Mexico,organic,943.36
10/05/2025,Mexico,paid_search_Mexico,paid_search,2752.24
10/05/2025,Mexico,social_Mexico,social,1276.47
10/05/2025,Colombia,organic_Colombia,organic,986.84
10/05/2025,Colombia,paid_search_Colombia,paid_search,1028.75
10/05/2025,Colombia,social_Colombia,social,2922.73
10/05/2025,Argentina,organic_Argentina,organic,2902.08
10/05/2025,Argentina,paid_search_Argentina,paid_search,1284.93
10/05/2025,Argentina,social_Argentina,social,1796.13
11/05/2025,Mexico,organic_Mexico,organic,1870.08
11/05/2025,Mexico,paid_search_Mexico,paid_search,2289.29
11/05/2025,Mexico,social_Mexico,social,716.33
11/05/2025,Colombia,organic_Colombia,organic,2304.82
11/05/2025,Colombia,paid_search_Colombia,paid_search,1421.99
11/05/2025,Colombia,social_Colombia,social,2824.1
11/05/2025,Argentina,organic_Argentina,organic,2695.02
11/05/2025,Argentina,paid_search_Argentina,paid_search,677.93
11/05/2025,Argentina,social_Argentina,social,677.76
12/05/2025,Mexico,organic_Mexico,organic,1340.68
12/05/2025,Mexico,paid_search_Mexico,paid_search,948.06
12/05/2025,Mexico,social_Mexico,social,2736.4
12/05/2025,Colombia,organic_Colombia,organic,2519.44
12/05/2025,Colombia,paid_search_Colombia,paid_search,896.64
12/05/2025,Colombia,social_Colombia,social,1514.16
12/05/2025,Argentina,organic_Argentina,organic,1437.93
12/05/2025,Argentina,paid_search_Argentina,paid_search,1738.81
12/05/2025,Argentina,social_Argentina,social,2890.26
13/05/2025,Mexico,organic_Mexico,organic,1353.06
13/05/2025,Mexico,paid_search_Mexico,paid_search,1463.94
13/05/2025,Mexico,social_Mexico,social,2993.12
13/05/2025,Colombia,organic_Colombia,organic,1160.03
13/05/2025,Colombia,paid_search_Colombia,paid_search,569.62
13/05/2025,Colombia,social_Colombia,social,1713.05
13/05/2025,Argentina,organic_Argentina,organic,2682.01
13/05/2025,Argentina,paid_search_Argentina,paid_search,1562.02
13/05/2025,Argentina,social_Argentina,social,1491.82
14/05/2025,Mexico,organic_Mexico,organic,555.63
14/05/2025,Mexico,paid_search_Mexico,paid_search,1828.94
14/05/2025,Mexico,social_Mexico,social,904.55
14/05/2025,Colombia,organic_Colombia,organic,2494.83
14/05/2025,Colombia,paid_search_Colombia,paid_search,1619.94
14/05/2025,Colombia,social_Colombia,social,1461.46
14/05/2025,Argentina,organic_Argentina,organic,1480.95
14/05/2025,Argentina,paid_search_Argentina,paid_search,744.87
14/05/2025,Argentina,social_Argentina,social,1588.79
15/05/2025,Mexico,organic_Mexico,organic,2692.4
15/05/2025,Mexico,paid_search_Mexico,paid_search,2424.47
15/05/2025,Mexico,social_Mexico,social,1111.38
15/05/2025,Colombia,organic_Colombia,organic,2601.03
15/05/2025,Colombia,paid_search_Colombia,paid_search,1583.01
15/05/2025,Colombia,social_Colombia,social,1759.73
15/05/2025,Argentina,organic_Argentina,organic,935.04
15/05/2025,Argentina,paid_search_Argentina,paid_search,2161.22
15/05/2025,Argentina,social_Argentina,social,1669.26
16/05/2025,Mexico,organic_Mexico,organic,649.84
16/05/2025,Mexico,paid_search_Mexico,paid_search,534.47
16/05/2025,Mexico,social_Mexico,social,2039.43
16/05/2025,Colombia,organic_Colombia,organic,2047.01
16/05/2025,Colombia,paid_search_Colombia,paid_search,2685.95
16/05/2025,Colombia,social_Colombia,social,2198.65
16/05/2025,Argentina,organic_Argentina,organic,1048
16/05/2025,Argentina,paid_search_Argentina,paid_search,2579.89
16/05/2025,Argentina,social_Argentina,social,2551.62
17/05/2025,Mexico,organic_Mexico,organic,1267.54
17/05/2025,Mexico,paid_search_Mexico,paid_search,1339.37
17/05/2025,Mexico,social_Mexico,social,806.06
17/05/2025,Colombia,organic_Colombia,organic,584.3
17/05/2025,Colombia,paid_search_Colombia,paid_search,864.29
17/05/2025,Colombia,social_Colombia,social,1205.25
17/05/2025,Argentina,organic_Argentina,organic,953.03
17/05/2025,Argentina,paid_search_Argentina,paid_search,1343.76
17/05/2025,Argentina,social_Argentina,social,1654.8
18/05/2025,Mexico,organic_Mexico,organic,2719.56
18/05/2025,Mexico,paid_search_Mexico,paid_search,1818.64
18/05/2025,Mexico,social_Mexico,social,1877.49
18/05/2025,Colombia,organic_Colombia,organic,2298.38
18/05/2025,Colombia,paid_search_Colombia,paid_search,2778.11
18/05/2025,Colombia,social_Colombia,social,1700.56
18/05/2025,Argentina,organic_Argentina,organic,2334.63
18/05/2025,Argentina,paid_search_Argentina,paid_search,794.44
18/05/2025,Argentina,social_Argentina,social,1774.99
19/05/2025,Mexico,organic_Mexico,organic,850.81
19/05/2025,Mexico,paid_search_Mexico,paid_search,590.59
19/05/2025,Mexico,social_Mexico,social,2756.35
19/05/2025,Colombia,organic_Colombia,organic,2231.17
19/05/2025,Colombia,paid_search_Colombia,paid_search,553.81
19/05/2025,Colombia,social_Colombia,social,974.02
19/05/2025,Argentina,organic_Argentina,organic,1508.45
19/05/2025,Argentina,paid_search_Argentina,paid_search,2645.5
19/05/2025,Argentina,social_Argentina,social,2103.7
20/05/2025,Mexico,organic_Mexico,organic,2505.21
20/05/2025,Mexico,paid_search_Mexico,paid_search,2822.48
20/05/2025,Mexico,social_Mexico,social,2785.53
20/05/2025,Colombia,organic_Colombia,organic,2737.81
20/05/2025,Colombia,paid_search_Colombia,paid_search,2262.06
20/05/2025,Colombia,social_Colombia,social,2934.23
20/05/2025,Argentina,organic_Argentina,organic,2849.67
20/05/2025,Argentina,paid_search_Argentina,paid_search,1692
20/05/2025,Argentina,social_Argentina,social,2513.88
21/05/2025,Mexico,organic_Mexico,organic,2833.98
21/05/2025,Mexico,paid_search_Mexico,paid_search,1621.4
21/05/2025,Mexico,social_Mexico,social,2366.04
21/05/2025,Colombia,organic_Colombia,organic,872.31
21/05/2025,Colombia,paid_search_Colombia,paid_search,2826.54
21/05/2025,Colombia,social_Colombia,social,1030.9
21/05/2025,Argentina,organic_Argentina,organic,2192.94
21/05/2025,Argentina,paid_search_Argentina,paid_search,1247.04
21/05/2025,Argentina,social_Argentina,social,2490.14
22/05/2025,Mexico,organic_Mexico,organic,1672.35
22/05/2025,Mexico,paid_search_Mexico,paid_search,1100.08
22/05/2025,Mexico,social_Mexico,social,1029.89
22/05/2025,Colombia,organic_Colombia,organic,1720.72
22/05/2025,Colombia,paid_search_Colombia,paid_search,1336.49
22/05/2025,Colombia,social_Colombia,social,1603.92
22/05/2025,Argentina,organic_Argentina,organic,2557.54
22/05/2025,Argentina,paid_search_Argentina,paid_search,2968.64
22/05/2025,Argentina,social_Argentina,social,1678.44
23/05/2025,Mexico,organic_Mexico,organic,550.29
23/05/2025,Mexico,paid_search_Mexico,paid_search,1009.53
23/05/2025,Mexico,social_Mexico,social,1282.33
23/05/2025,Colombia,organic_Colombia,organic,2696.41
23/05/2025,Colombia,paid_search_Colombia,paid_search,1322.1
23/05/2025,Colombia,social_Colombia,social,678.08
23/05/2025,Argentina,organic_Argentina,organic,1732.6
23/05/2025,Argentina,paid_search_Argentina,paid_search,1618.97
23/05/2025,Argentina,social_Argentina,social,2098.07
24/05/2025,Mexico,organic_Mexico,organic,1797.3
24/05/2025,Mexico,paid_search_Mexico,paid_search,1545.07
24/05/2025,Mexico,social_Mexico,social,2735.86
24/05/2025,Colombia,organic_Colombia,organic,1695.92
24/05/2025,Colombia,paid_search_Colombia,paid_search,1887.03
24/05/2025,Colombia,social_Colombia,social,625.91
24/05/2025,Argentina,organic_Argentina,organic,1519.57
24/05/2025,Argentina,paid_search_Argentina,paid_search,2622.36
24/05/2025,Argentina,social_Argentina,social,2281.24
25/05/2025,Mexico,organic_Mexico,organic,2387.31
25/05/2025,Mexico,paid_search_Mexico,paid_search,1069.36
25/05/2025,Mexico,social_Mexico,social,799.66
25/05/2025,Colombia,organic_Colombia,organic,2647.84
25/05/2025,Colombia,paid_search_Colombia,paid_search,1784.58
25/05/2025,Colombia,social_Colombia,social,2853.59
25/05/2025,Argentina,organic_Argentina,organic,2834.03
25/05/2025,Argentina,paid_search_Argentina,paid_search,2488.85
25/05/2025,Argentina,social_Argentina,social,2240.36
26/05/2025,Mexico,organic_Mexico,organic,2653.76
26/05/2025,Mexico,paid_search_Mexico,paid_search,1351.59
26/05/2025,Mexico,social_Mexico,social,664.72
26/05/2025,Colombia,organic_Colombia,organic,2263.14
26/05/2025,Colombia,paid_search_Colombia,paid_search,1254.68
26/05/2025,Colombia,social_Colombia,social,2071.61
26/05/2025,Argentina,organic_Argentina,organic,2906.99
26/05/2025,Argentina,paid_search_Argentina,paid_search,1369.21
26/05/2025,Argentina,social_Argentina,social,2606.24
27/05/2025,Mexico,organic_Mexico,organic,1656.06
27/05/2025,Mexico,paid_search_Mexico,paid_search,1246.68
27/05/2025,Mexico,social_Mexico,social,1206.19
27/05/2025,Colombia,organic_Colombia,organic,2432.6
27/05/2025,Colombia,paid_search_Colombia,paid_search,582.61
27/05/2025,Colombia,social_Colombia,social,2443.26
27/05/2025,Argentina,organic_Argentina,organic,1926.89
27/05/2025,Argentina,paid_search_Argentina,paid_search,2790.81
27/05/2025,Argentina,social_Argentina,social,1724.43
28/05/2025,Mexico,organic_Mexico,organic,2995.5
28/05/2025,Mexico,paid_search_Mexico,paid_search,1088.51
28/05/2025,Mexico,social_Mexico,social,2325.29
28/05/2025,Colombia,organic_Colombia,organic,1734.94
28/05/2025,Colombia,paid_search_Colombia,paid_search,1077.24
28/05/2025,Colombia,social_Colombia,social,1405.51
28/05/2025,Argentina,organic_Argentina,organic,2205.17
28/05/2025,Argentina,paid_search_Argentina,paid_search,2309.76
28/05/2025,Argentina,social_Argentina,social,2271.87
29/05/2025,Mexico,organic_Mexico,organic,1810.75
29/05/2025,Mexico,paid_search_Mexico,paid_search,2825.93
29/05/2025,Mexico,social_Mexico,social,1697.25
29/05/2025,Colombia,organic_Colombia,organic,1045.21
29/05/2025,Colombia,paid_search_Colombia,paid_search,2516.14
29/05/2025,Colombia,social_Colombia,social,506.18
29/05/2025,Argentina,organic_Argentina,organic,2116.71
29/05/2025,Argentina,paid_search_Argentina,paid_search,2182.33
29/05/2025,Argentina,social_Argentina,social,2670.69
30/05/2025,Mexico,organic_Mexico,organic,692.97
30/05/2025,Mexico,paid_search_Mexico,paid_search,1358.02
30/05/2025,Mexico,social_Mexico,social,2506.24
30/05/2025,Colombia,organic_Colombia,organic,2334.39
30/05/2025,Colombia,paid_search_Colombia,paid_search,695.16
30/05/2025,Colombia,social_Colombia,social,2092.71
30/05/2025,Argentina,organic_Argentina,organic,1859.07
30/05/2025,Argentina,paid_search_Argentina,paid_search,592.18
30/05/2025,Argentina,social_Argentina,social,1191.06
31/05/2025,Mexico,organic_Mexico,organic,1942.38
31/05/2025,Mexico,paid_search_Mexico,paid_search,1467.8
31/05/2025,Mexico,social_Mexico,social,1531.98
31/05/2025,Colombia,organic_Colombia,organic,1797.42
31/05/2025,Colombia,paid_search_Colombia,paid_search,562.07
31/05/2025,Colombia,social_Colombia,social,2387.6
31/05/2025,Argentina,organic_Argentina,organic,2669.41
31/05/2025,Argentina,paid_search_Argentina,paid_search,1025.37
31/05/2025,Argentina,social_Argentina,social,1108.82
01/06/2025,Mexico,organic_Mexico,organic,1673.57
01/06/2025,Mexico,paid_search_Mexico,paid_search,637.16
01/06/2025,Mexico,social_Mexico,social,2422.35
01/06/2025,Colombia,organic_Colombia,organic,1548.67
01/06/2025,Colombia,paid_search_Colombia,paid_search,612.13
01/06/2025,Colombia,social_Colombia,social,1717.04
01/06/2025,Argentina,organic_Argentina,organic,2189.52
01/06/2025,Argentina,paid_search_Argentina,paid_search,2548.87
01/06/2025,Argentina,social_Argentina,social,993.65
02/06/2025,Mexico,organic_Mexico,organic,934.5
02/06/2025,Mexico,paid_search_Mexico,paid_search,2367.47
02/06/2025,Mexico,social_Mexico,social,1462.54
02/06/2025,Colombia,organic_Colombia,organic,2681.38
02/06/2025,Colombia,paid_search_Colombia,paid_search,1023.03
02/06/2025,Colombia,social_Colombia,social,1836.83
02/06/2025,Argentina,organic_Argentina,organic,2387.47
02/06/2025,Argentina,paid_search_Argentina,paid_search,1930.52
02/06/2025,Argentina,social_Argentina,social,1031.22
03/06/2025,Mexico,organic_Mexico,organic,1565.05
03/06/2025,Mexico,paid_search_Mexico,paid_search,2135.76
03/06/2025,Mexico,social_Mexico,social,2859.48
03/06/2025,Colombia,organic_Colombia,organic,2588.45
03/06/2025,Colombia,paid_search_Colombia,paid_search,712.35
03/06/2025,Colombia,social_Colombia,social,922.31
03/06/2025,Argentina,organic_Argentina,organic,2925.69
03/06/2025,Argentina,paid_search_Argentina,paid_search,958.07
03/06/2025,Argentina,social_Argentina,social,1508.93
04/06/2025,Mexico,organic_Mexico,organic,1536.77
04/06/2025,Mexico,paid_search_Mexico,paid_search,2973.71
04/06/2025,Mexico,social_Mexico,social,1561.77
04/06/2025,Colombia,organic_Colombia,organic,2483.33
04/06/2025,Colombia,paid_search_Colombia,paid_search,501.11
04/06/2025,Colombia,social_Colombia,social,2420.58
04/06/2025,Argentina,organic_Argentina,organic,1363.94
04/06/2025,Argentina,paid_search_Argentina,paid_search,2422.22
04/06/2025,Argentina,social_Argentina,social,2890.15
05/06/2025,Mexico,organic_Mexico,organic,2492.62
05/06/2025,Mexico,paid_search_Mexico,paid_search,2019.64
05/06/2025,Mexico,social_Mexico,social,2219.87
05/06/2025,Colombia,organic_Colombia,organic,2299.54
05/06/2025,Colombia,paid_search_Colombia,paid_search,597.26
05/06/2025,Colombia,social_Colombia,social,1469.55
05/06/2025,Argentina,organic_Argentina,organic,2236.3
05/06/2025,Argentina,paid_search_Argentina,paid_search,523.77
05/06/2025,Argentina,social_Argentina,social,2544.31
06/06/2025,Mexico,organic_Mexico,organic,1610.46
06/06/2025,Mexico,paid_search_Mexico,paid_search,2842.06
06/06/2025,Mexico,social_Mexico,social,1239.46
06/06/2025,Colombia,organic_Colombia,organic,2780.37
06/06/2025,Colombia,paid_search_Colombia,paid_search,1257.14
06/06/2025,Colombia,social_Colombia,social,2852.37
06/06/2025,Argentina,organic_Argentina,organic,2485.9
06/06/2025,Argentina,paid_search_Argentina,paid_search,1014.75
06/06/2025,Argentina,social_Argentina,social,2983.78
07/06/2025,Mexico,organic_Mexico,organic,2390.92
07/06/2025,Mexico,paid_search_Mexico,paid_search,2486.44
07/06/2025,Mexico,social_Mexico,social,1639.31
07/06/2025,Colombia,organic_Colombia,organic,2888.17
07/06/2025,Colombia,paid_search_Colombia,paid_search,1153.74
07/06/2025,Colombia,social_Colombia,social,1937.7
07/06/2025,Argentina,organic_Argentina,organic,1116.45
07/06/2025,Argentina,paid_search_Argentina,paid_search,2597.03
07/06/2025,Argentina,social_Argentina,social,2492.18
08/06/2025,Mexico,organic_Mexico,organic,1674.24
08/06/2025,Mexico,paid_search_Mexico,paid_search,1887.81
08/06/2025,Mexico,social_Mexico,social,2762.42
08/06/2025,Colombia,organic_Colombia,organic,2909.76
08/06/2025,Colombia,paid_search_Colombia,paid_search,502.16
08/06/2025,Colombia,social_Colombia,social,807.17
08/06/2025,Argentina,organic_Argentina,organic,1893.47
08/06/2025,Argentina,paid_search_Argentina,paid_search,2700.21
08/06/2025,Argentina,social_Argentina,social,2005.16
09/06/2025,Mexico,organic_Mexico,organic,1256.45
09/06/2025,Mexico,paid_search_Mexico,paid_search,2957.49
09/06/2025,Mexico,social_Mexico,social,1123.02
09/06/2025,Colombia,organic_Colombia,organic,1037.71
09/06/2025,Colombia,paid_search_Colombia,paid_search,1611.78
09/06/2025,Colombia,social_Colombia,social,2854.66
09/06/2025,Argentina,organic_Argentina,organic,762.88
09/06/2025,Argentina,paid_search_Argentina,paid_search,1101.96
09/06/2025,Argentina,social_Argentina,social,2775.27
10/06/2025,Mexico,organic_Mexico,organic,2752.72
10/06/2025,Mexico,paid_search_Mexico,paid_search,1688.89
10/06/2025,Mexico,social_Mexico,social,1272.65
10/06/2025,Colombia,organic_Colombia,organic,2227.03
10/06/2025,Colombia,paid_search_Colombia,paid_search,2773.81
10/06/2025,Colombia,social_Colombia,social,2018.03
10/06/2025,Argentina,organic_Argentina,organic,527.76
10/06/2025,Argentina,paid_search_Argentina,paid_search,684.98
10/06/2025,Argentina,social_Argentina,social,1927.11
11/06/2025,Mexico,organic_Mexico,organic,912.34
11/06/2025,Mexico,paid_search_Mexico,paid_search,524.14
11/06/2025,Mexico,social_Mexico,social,2277.27
11/06/2025,Colombia,organic_Colombia,organic,2112.63
11/06/2025,Colombia,paid_search_Colombia,paid_search,1298.34
11/06/2025,Colombia,social_Colombia,social,2049.25
11/06/2025,Argentina,organic_Argentina,organic,986.14
11/06/2025,Argentina,paid_search_Argentina,paid_search,1927.7
11/06/2025,Argentina,social_Argentina,social,2579.28
12/06/2025,Mexico,organic_Mexico,organic,2889.05
12/06/2025,Mexico,paid_search_Mexico,paid_search,1598.76
12/06/2025,Mexico,social_Mexico,social,1243.83
12/06/2025,Colombia,organic_Colombia,organic,1308.91
12/06/2025,Colombia,paid_search_Colombia,paid_search,1044.05
12/06/2025,Colombia,social_Colombia,social,1803.99
12/06/2025,Argentina,organic_Argentina,organic,1384.07
12/06/2025,Argentina,paid_search_Argentina,paid_search,2984.53
12/06/2025,Argentina,social_Argentina,social,2811.33
13/06/2025,Mexico,organic_Mexico,organic,2211.3
13/06/2025,Mexico,paid_search_Mexico,paid_search,1032.4
13/06/2025,Mexico,social_Mexico,social,1603.73
13/06/2025,Colombia,organic_Colombia,organic,543.52
13/06/2025,Colombia,paid_search_Colombia,paid_search,1228.95
13/06/2025,Colombia,social_Colombia,social,1898.16
13/06/2025,Argentina,organic_Argentina,organic,2306.18
13/06/2025,Argentina,paid_search_Argentina,paid_search,942.08
13/06/2025,Argentina,social_Argentina,social,2132.96
14/06/2025,Mexico,organic_Mexico,organic,1816.1
14/06/2025,Mexico,paid_search_Mexico,paid_search,820.87
14/06/2025,Mexico,social_Mexico,social,1961.57
14/06/2025,Colombia,organic_Colombia,organic,604.16
14/06/2025,Colombia,paid_search_Colombia,paid_search,2595.35
14/06/2025,Colombia,social_Colombia,social,1715.34
14/06/2025,Argentina,organic_Argentina,organic,2427.72
14/06/2025,Argentina,paid_search_Argentina,paid_search,518.16
14/06/2025,Argentina,social_Argentina,social,2533.02
15/06/2025,Mexico,organic_Mexico,organic,2553.92
15/06/2025,Mexico,paid_search_Mexico,paid_search,1021.85
15/06/2025,Mexico,social_Mexico,social,1814.57
15/06/2025,Colombia,organic_Colombia,organic,2891.53
15/06/2025,Colombia,paid_search_Colombia,paid_search,2538.57
15/06/2025,Colombia,social_Colombia,social,731.83
15/06/2025,Argentina,organic_Argentina,organic,1865.91
15/06/2025,Argentina,paid_search_Argentina,paid_search,2844.48
15/06/2025,Argentina,social_Argentina,social,2870.27
16/06/2025,Mexico,organic_Mexico,organic,2795.74
16/06/2025,Mexico,paid_search_Mexico,paid_search,2636.82
16/06/2025,Mexico,social_Mexico,social,1619.8
16/06/2025,Colombia,organic_Colombia,organic,1126.89
16/06/2025,Colombia,paid_search_Colombia,paid_search,2119.47
16/06/2025,Colombia,social_Colombia,social,1008.3
16/06/2025,Argentina,organic_Argentina,organic,732.09
16/06/2025,Argentina,paid_search_Argentina,paid_search,992.57
16/06/2025,Argentina,social_Argentina,social,2621.25
17/06/2025,Mexico,organic_Mexico,organic,1076.9
17/06/2025,Mexico,paid_search_Mexico,paid_search,2611.28
17/06/2025,Mexico,social_Mexico,social,559.38
17/06/2025,Colombia,organic_Colombia,organic,2806.85
17/06/2025,Colombia,paid_search_Colombia,paid_search,2593.84
17/06/2025,Colombia,social_Colombia,social,2328.96
17/06/2025,Argentina,organic_Argentina,organic,1307.51
17/06/2025,Argentina,paid_search_Argentina,paid_search,842.72
17/06/2025,Argentina,social_Argentina,social,841.3
18/06/2025,Mexico,organic_Mexico,organic,1378.56
18/06/2025,Mexico,paid_search_Mexico,paid_search,1116.95
18/06/2025,Mexico,social_Mexico,social,954.14
18/06/2025,Colombia,organic_Colombia,organic,814.26
18/06/2025,Colombia,paid_search_Colombia,paid_search,2220.44
18/06/2025,Colombia,social_Colombia,social,802.92
18/06/2025,Argentina,organic_Argentina,organic,2457.2
18/06/2025,Argentina,paid_search_Argentina,paid_search,2445.88
18/06/2025,Argentina,social_Argentina,social,2330.78
19/06/2025,Mexico,organic_Mexico,organic,1956.53
19/06/2025,Mexico,paid_search_Mexico,paid_search,749.69
19/06/2025,Mexico,social_Mexico,social,1757.67
19/06/2025,Colombia,organic_Colombia,organic,863.35
19/06/2025,Colombia,paid_search_Colombia,paid_search,1876.5
19/06/2025,Colombia,social_Colombia,social,832.89
19/06/2025,Argentina,organic_Argentina,organic,936.72
19/06/2025,Argentina,paid_search_Argentina,paid_search,1731.35
19/06/2025,Argentina,social_Argentina,social,785.3
20/06/2025,Mexico,organic_Mexico,organic,1653.3
20/06/2025,Mexico,paid_search_Mexico,paid_search,664.77
20/06/2025,Mexico,social_Mexico,social,2609.28
20/06/2025,Colombia,organic_Colombia,organic,1980.55
20/06/2025,Colombia,paid_search_Colombia,paid_search,2529.79
20/06/2025,Colombia,social_Colombia,social,691
20/06/2025,Argentina,organic_Argentina,organic,1517.75
20/06/2025,Argentina,paid_search_Argentina,paid_search,2499.17
20/06/2025,Argentina,social_Argentina,social,1106.19
21/06/2025,Mexico,organic_Mexico,organic,1279.96
21/06/2025,Mexico,paid_search_Mexico,paid_search,2906.57
21/06/2025,Mexico,social_Mexico,social,1648.41
21/06/2025,Colombia,organic_Colombia,organic,644.86
21/06/2025,Colombia,paid_search_Colombia,paid_search,2932.41
21/06/2025,Colombia,social_Colombia,social,501.2
21/06/2025,Argentina,organic_Argentina,organic,2446.27
21/06/2025,Argentina,paid_search_Argentina,paid_search,2395.77
21/06/2025,Argentina,social_Argentina,social,1958.27
22/06/2025,Mexico,organic_Mexico,organic,2326.95
22/06/2025,Mexico,paid_search_Mexico,paid_search,645.63
22/06/2025,Mexico,social_Mexico,social,2318.65
22/06/2025,Colombia,organic_Colombia,organic,2624.19
22/06/2025,Colombia,paid_search_Colombia,paid_search,2886.89
22/06/2025,Colombia,social_Colombia,social,2249.27
22/06/2025,Argentina,organic_Argentina,organic,1051.75
22/06/2025,Argentina,paid_search_Argentina,paid_search,1208.51
22/06/2025,Argentina,social_Argentina,social,2971.94
23/06/2025,Mexico,organic_Mexico,organic,1971.96
23/06/2025,Mexico,paid_search_Mexico,paid_search,1971.58
23/06/2025,Mexico,social_Mexico,social,2203.73
23/06/2025,Colombia,organic_Colombia,organic,2112.28
23/06/2025,Colombia,paid_search_Colombia,paid_search,1505.72
23/06/2025,Colombia,social_Colombia,social,2059.52
23/06/2025,Argentina,organic_Argentina,organic,2223.45
23/06/2025,Argentina,paid_search_Argentina,paid_search,1762.47
23/06/2025,Argentina,social_Argentina,social,1278.59
24/06/2025,Mexico,organic_Mexico,organic,613.19
24/06/2025,Mexico,paid_search_Mexico,paid_search,753.98
24/06/2025,Mexico,social_Mexico,social,1732.11
24/06/2025,Colombia,organic_Colombia,organic,2177.79
24/06/2025,Colombia,paid_search_Colombia,paid_search,2921.33
24/06/2025,Colombia,social_Colombia,social,2656.93
24/06/2025,Argentina,organic_Argentina,organic,874.55
24/06/2025,Argentina,paid_search_Argentina,paid_search,1275.32
24/06/2025,Argentina,social_Argentina,social,1307.17
25/06/2025,Mexico,organic_Mexico,organic,2716.71
25/06/2025,Mexico,paid_search_Mexico,paid_search,1350.21
25/06/2025,Mexico,social_Mexico,social,1153.8
25/06/2025,Colombia,organic_Colombia,organic,971.62
25/06/2025,Colombia,paid_search_Colombia,paid_search,1223.97
25/06/2025,Colombia,social_Colombia,social,972.8
25/06/2025,Argentina,organic_Argentina,organic,2107.53
25/06/2025,Argentina,paid_search_Argentina,paid_search,1993.72
25/06/2025,Argentina,social_Argentina,social,1721.23
26/06/2025,Mexico,organic_Mexico,organic,2477.24
26/06/2025,Mexico,paid_search_Mexico,paid_search,2638.78
26/06/2025,Mexico,social_Mexico,social,2981.76
26/06/2025,Colombia,organic_Colombia,organic,1966.94
26/06/2025,Colombia,paid_search_Colombia,paid_search,1824.4
26/06/2025,Colombia,social_Colombia,social,1999.51
26/06/2025,Argentina,organic_Argentina,organic,1340.69
26/06/2025,Argentina,paid_search_Argentina,paid_search,1142.12
26/06/2025,Argentina,social_Argentina,social,2637.71
27/06/2025,Mexico,organic_Mexico,organic,2044.12
27/06/2025,Mexico,paid_search_Mexico,paid_search,2136.52
27/06/2025,Mexico,social_Mexico,social,2063.86
27/06/2025,Colombia,organic_Colombia,organic,604.2
27/06/2025,Colombia,paid_search_Colombia,paid_search,543.84
27/06/2025,Colombia,social_Colombia,social,1466.38
27/06/2025,Argentina,organic_Argentina,organic,1624.72
27/06/2025,Argentina,paid_search_Argentina,paid_search,1935.25
27/06/2025,Argentina,social_Argentina,social,2028.72
28/06/2025,Mexico,organic_Mexico,organic,2913.17
28/06/2025,Mexico,paid_search_Mexico,paid_search,2927.68
28/06/2025,Mexico,social_Mexico,social,1489.55
28/06/2025,Colombia,organic_Colombia,organic,1609.7
28/06/2025,Colombia,paid_search_Colombia,paid_search,784.54
28/06/2025,Colombia,social_Colombia,social,1680.95
28/06/2025,Argentina,organic_Argentina,organic,1510.53
28/06/2025,Argentina,paid_search_Argentina,paid_search,2740.81
28/06/2025,Argentina,social_Argentina,social,861.63
29/06/2025,Mexico,organic_Mexico,organic,1606.43
29/06/2025,Mexico,paid_search_Mexico,paid_search,2064.42
29/06/2025,Mexico,social_Mexico,social,1619.55
29/06/2025,Colombia,organic_Colombia,organic,2285.99
29/06/2025,Colombia,paid_search_Colombia,paid_search,550.5
29/06/2025,Colombia,social_Colombia,social,999.15
29/06/2025,Argentina,organic_Argentina,organic,1267.14
29/06/2025,Argentina,paid_search_Argentina,paid_search,2719.41
29/06/2025,Argentina,social_Argentina,social,621.01
